ind	Q	Pop	Batch	Location	Grp	Type	grp	Q_relative
SV0512a-001	0.0844	SV	C	SV	SV	SV	SV	0.0878111053669962
SV0512a-002	0.1413	SV	C	SV	SV	SV	SV	0.1478429676207759
SV0512a-003	0.1623	SV	C	SV	SV	SV	SV	0.16999883945433253
SV0512a-005	0.1302	SV	C	SV	SV	SV	SV	0.13613200679446738
SV0512a-006	0.1959	SV	C	SV	SV	SV	SV	0.20544823438802318
SV0512a-007	0.4538	SV	C	SV	SV	SV	SV	0.4775434413344165
SV0512a-008	0.2587	SV	C	SV	SV	SV	SV	0.2717048415855164
SV0512a-009	0.0644	SV	C	SV	SV	SV	SV	0.06671027504932318
SV0512a-010	0.2049	SV	C	SV	SV	SV	SV	0.21494360803097604
SV0512a-011	0.5627	SV	C	SV	SV	SV	SV	0.592437462414146
SV0512a-012	0.2282	SV	C	SV	SV	SV	SV	0.23952607535106507
SV0512a-013	0.0066	SV	C	SV	SV	SV	SV	0.00572887543124822
SV0512a-014	0.1584	SV	C	SV	SV	SV	SV	0.16588417754238632
SV0512a-015	0.1173	SV	C	SV	SV	SV	SV	0.12252197123956828
SV0512a-016	0.1993	SV	C	SV	SV	SV	SV	0.20903537554202758
SV0512a-017	0.1548	SV	C	SV	SV	SV	SV	0.16208602808520514
SV0512a-018	0.3182	SV	C	SV	SV	SV	SV	0.33447981178059355
SV0512a-019	0.1989	SV	C	SV	SV	SV	SV	0.20861335893567412
SV0512a-020	0.1448	SV	C	SV	SV	SV	SV	0.15153561292636866
SV0512a-021	0.1299	SV	C	SV	SV	SV	SV	0.13581549433970225
SV0512a-022	0.2503	SV	C	SV	SV	SV	SV	0.26284249285209377
SV0512a-023	0.2548	SV	C	SV	SV	SV	SV	0.2675901796735702
SV0512a-024	0.1756	SV	C	SV	SV	SV	SV	0.18403089161558508
SV0512a-025	0.1857	SV	C	SV	SV	SV	SV	0.19468681092600995
SV1013a-002	0.0627	SV	C	SV	SV	SV	SV	0.064916704472321
SV1013a-003	0.0404	SV	C	SV	SV	SV	SV	0.04138927866811559
SV1013a-004	0.2864	SV	C	SV	SV	SV	SV	0.3009294915754935
SV1013a-005	0.2472	SV	C	SV	SV	SV	SV	0.25957186415285444
SV1013a-006	0.1457	SV	C	SV	SV	SV	SV	0.15248515029066392
SV1013a-007	0.15310000000000001	SV	C	SV	SV	SV	SV	0.16029245750820298
SV1013a-008	0.1723	SV	C	SV	SV	SV	SV	0.18054925461316904
SV1013a-009	0.1599	SV	C	SV	SV	SV	SV	0.16746673981621177
SV1013a-010	0.0937	SV	C	SV	SV	SV	SV	0.09762299146471415
SV1013a-011	0.1895	SV	C	SV	SV	SV	SV	0.19869596868636782
SV1013a-012	0.213	SV	C	SV	SV	SV	SV	0.22348944430963358
SV1013a-015	0.1497	SV	C	SV	SV	SV	SV	0.15670531635419854
SV1013a-016	0.1637	SV	C	SV	SV	SV	SV	0.17147589757656964
SV1013a-018	0.2303	SV	C	SV	SV	SV	SV	0.24174166253442075
SV1013a-026	0.1979	SV	C	SV	SV	SV	SV	0.20755831741979047
SV1013a-027	0.1327	SV	C	SV	SV	SV	SV	0.1387696105841765
SV1013a-028	0.1796	SV	C	SV	SV	SV	SV	0.18825105767911968
SV1013a-029	0.1449	SV	C	SV	SV	SV	SV	0.15164111707795702
SV1013a-031	0.379	SV	C	SV	SV	SV	SV	0.3986263359463195
SV1013a-032	0.0992	SV	C	SV	SV	SV	SV	0.10342571980207421
SV1013a-033	0.167	SV	C	SV	SV	SV	SV	0.1749575345789857
SV1013a-035	0.1626	SV	C	SV	SV	SV	SV	0.17031535190909763
SV1013a-036	0.2124	SV	C	SV	SV	SV	SV	0.2228564194001034
SV1013a-037	0.1745	SV	C	SV	SV	SV	SV	0.18287034594811305
SV1013a-038	0.2763	SV	C	SV	SV	SV	SV	0.2902735722650686
SV1013a-039	0.1731	SV	C	SV	SV	SV	SV	0.18139328782587597
SV1013a-044	0.273	SV	C	SV	SV	SV	SV	0.2867919352626526
SV1013a-046	0.1705	SV	C	SV	SV	SV	SV	0.17865017988457849
SV1013a-049	0.0314	SV	C	SV	SV	SV	SV	0.03189390502516274
SV1013a-053	0.288	SV	C	SV	SV	SV	SV	0.30261755800090734
SV1013a-054	0.1927	SV	C	SV	SV	SV	SV	0.20207210153719551
SV1013a-056	0.2591	SV	C	SV	SV	SV	SV	0.2721268581918699
SV1013a-057	0.1541	SV	C	SV	SV	SV	SV	0.1613474990240866
SV1013a-058	0.1979	SV	C	SV	SV	SV	SV	0.20755831741979047
TOC0423-001s	0.2981	TOC0423	C	TOC	CT	CT_spat	CT	0.3132734773113322
TOC0423-002s	0.1875	TOC0423	C	TOC	CT	CT_spat	CT	0.1965858856546005
TOC0423-003s	0.1635	TOC0423	C	TOC	CT	CT_spat	CT	0.17126488927339292
TOC0423-004s	0.2437	TOC0423	C	TOC	CT	CT_spat	CT	0.25587921884726167
TOC0423-005s	0.2408	TOC0423	C	TOC	CT	CT_spat	CT	0.25281959845119906
TOC0423-006s	0.1702	TOC0423	C	TOC	CT	CT_spat	CT	0.17833366742981335
TOC0423-007s	0.2374	TOC0423	C	TOC	CT	CT_spat	CT	0.24923245729719465
TOC0423-008s	0.2719	TOC0423	C	TOC	CT	CT_spat	CT	0.28563138959518053
TOC0423-009s	0.206	TOC0423	C	TOC	CT	CT_spat	CT	0.21610415369844801
TOC0423-010s	0.2202	TOC0423	C	TOC	CT	CT_spat	CT	0.2310857432239959
TOC0423-011s	0.1614	TOC0423	C	TOC	CT	CT_spat	CT	0.16904930209003724
TOC0423-012s	0.2303	TOC0423	C	TOC	CT	CT_spat	CT	0.24174166253442075
TOC0423-013s	0.1733	TOC0423	C	TOC	CT	CT_spat	CT	0.18160429612905268
TOC0423-014s	0.3063	TOC0423	C	TOC	CT	CT_spat	CT	0.32192481774157816
TOC0423-015s	0.1717	TOC0423	C	TOC	CT	CT_spat	CT	0.17991622970363882
TOC0423-016s	0.2186	TOC0423	C	TOC	CT	CT_spat	CT	0.22939767679858203
TOC0423-017s	0.2256	TOC0423	C	TOC	CT	CT_spat	CT	0.23678296740976756
TOC0423-018s	0.1625	TOC0423	C	TOC	CT	CT_spat	CT	0.17020984775750927
TOC0423-019s	0.3503	TOC0423	C	TOC	CT	CT_spat	CT	0.3683466444404587
TOC0423-020s	0.3417	TOC0423	C	TOC	CT	CT_spat	CT	0.3592732874038594
TOC0423-021s	0.122	TOC0423	C	TOC	CT	CT_spat	CT	0.12748066636422142
TOC0423-022s	0.3289	TOC0423	C	TOC	CT	CT_spat	CT	0.3457687560005487
TOC0423-023s	0.1476	TOC0423	C	TOC	CT	CT_spat	CT	0.1544897291708429
TOC0423-024s	0.1705	TOC0423	C	TOC	CT	CT_spat	CT	0.17865017988457849
TOC0423-025s	0.2943	TOC0423	C	TOC	CT	CT_spat	CT	0.30926431955097433
TOC0423-026s	0.1541	TOC0423	C	TOC	CT	CT_spat	CT	0.1613474990240866
TOC0423-027s	0.2622	TOC0423	C	TOC	CT	CT_spat	CT	0.27539748689110916
TOC0423-028s	0.1941	TOC0423	C	TOC	CT	CT_spat	CT	0.2035491596594326
TOC0423-029s	0.1833	TOC0423	C	TOC	CT	CT_spat	CT	0.19215471128788916
TOC0423-030s	0.2291	TOC0423	C	TOC	CT	CT_spat	CT	0.24047561271536036
TOC0423-031s	0.2277	TOC0423	C	TOC	CT	CT_spat	CT	0.23899855459312327
TOC0423-032s	0.0159	TOC0423	C	TOC	CT	CT_spat	CT	0.015540761528966166
TOC0423-033s	0.1867	TOC0423	C	TOC	CT	CT_spat	CT	0.1957418524418936
TOC0423-034s	0.1811	TOC0423	C	TOC	CT	CT_spat	CT	0.18983361995294518
TOC0423-035s	0.293	TOC0423	C	TOC	CT	CT_spat	CT	0.3078927655803256
TOC0423-036s	0.1467	TOC0423	C	TOC	CT	CT_spat	CT	0.1535401918065476
TOC0423-037s	0.1467	TOC0423	C	TOC	CT	CT_spat	CT	0.1535401918065476
TOC0423-038s	0.2098	TOC0423	C	TOC	CT	CT_spat	CT	0.2201133114588059
TOC0423-039s	0.0548	TOC0423	C	TOC	CT	CT_spat	CT	0.056581876496840156
TOC0423-040s	0.2142	TOC0423	C	TOC	CT	CT_spat	CT	0.22475549412869397
TOC0423-041s	0.1577	TOC0423	C	TOC	CT	CT_spat	CT	0.16514564848126775
TOC0423-042s	0.1839	TOC0423	C	TOC	CT	CT_spat	CT	0.19278773619741937
TOC0423-043s	0.2083	TOC0423	C	TOC	CT	CT_spat	CT	0.21853074918498044
TOC0423-044s	0.1701	TOC0423	C	TOC	CT	CT_spat	CT	0.178228163278225
TOC0423-045s	0.1837	TOC0423	C	TOC	CT	CT_spat	CT	0.19257672789424266
TOC0423-046s	0.1982	TOC0423	C	TOC	CT	CT_spat	CT	0.20787482987455555
TOC0423-047s	0.2081	TOC0423	C	TOC	CT	CT_spat	CT	0.21831974088180373
TOC0423-048s	0.374	TOC0423	C	TOC	CT	CT_spat	CT	0.3933511283669012
TOC0423-049s	0.2054	TOC0423	C	TOC	CT	CT_spat	CT	0.21547112878891786
TOC0423-050s	0.1229	TOC0423	C	TOC	CT	CT_spat	CT	0.1284302037285167
TOC0423-051s	0.2253	TOC0423	C	TOC	CT	CT_spat	CT	0.2364664549550025
TOC0423-052s	0.1777	TOC0423	C	TOC	CT	CT_spat	CT	0.18624647879894074
TOC23a-10	0.2044	TOC23a	D	TOC	CT	CT_adult	CT	0.2144160872730342
TOC23a-11	0.2244	TOC23a	D	TOC	CT	CT_adult	CT	0.2355169175907072
TOC23a-12	0.1677	TOC23a	D	TOC	CT	CT_adult	CT	0.17569606364010423
TOC23a-13	0.258	TOC23a	D	TOC	CT	CT_adult	CT	0.27096631252439785
TOC23a-14	0.2937	TOC23a	D	TOC	CT	CT_adult	CT	0.3086312946414442
TOC23a-15	0.1645	TOC23a	D	TOC	CT	CT_adult	CT	0.17231993078927657
TOC23a-16	0.188	TOC23a	D	TOC	CT	CT_adult	CT	0.19711340641254235
TOC23a-17	0.2923	TOC23a	D	TOC	CT	CT_adult	CT	0.30715423651920704
TOC23a-18	0.2246	TOC23a	D	TOC	CT	CT_adult	CT	0.23572792589388392
TOC23a-19	0.2512	TOC23a	D	TOC	CT	CT_adult	CT	0.26379203021638903
TOC23a-20	0.2241	TOC23a	D	TOC	CT	CT_adult	CT	0.2352004051359421
TOC23a-21	0.1865	TOC23a	D	TOC	CT	CT_adult	CT	0.19553084413871685
TOC23a-22	0.237	TOC23a	D	TOC	CT	CT_adult	CT	0.24881044069084118
TOC23a-23	0.3145	TOC23a	D	TOC	CT	CT_adult	CT	0.33057615817182406
TOC23a-24	0.1731	TOC23a	D	TOC	CT	CT_adult	CT	0.18139328782587597
TOC23a-33	0.3193	TOC23a	D	TOC	CT	CT_adult	CT	0.3356403574480656
TOC23a-35	0.1687	TOC23a	D	TOC	CT	CT_adult	CT	0.17675110515598788
TOC23a-36	0.1674	TOC23a	D	TOC	CT	CT_adult	CT	0.17537955118533913
TOC23a-37	0.1854	TOC23a	D	TOC	CT	CT_adult	CT	0.19437029847124485
TOC23a-38	0.2117	TOC23a	D	TOC	CT	CT_adult	CT	0.22211789033898485
TOC23a-39	0.1931	TOC23a	D	TOC	CT	CT_adult	CT	0.20249411814354895
TOC23a-40	0.1956	TOC23a	D	TOC	CT	CT_adult	CT	0.20513172193325807
TOC23a-41	0.3304	TOC23a	D	TOC	CT	CT_adult	CT	0.34735131827437415
TOC23a-42	0.2816	TOC23a	D	TOC	CT	CT_adult	CT	0.295865292299252
TOC23a-43	0.2378	TOC23a	D	TOC	CT	CT_adult	CT	0.2496544739035481
TOC23a-45	0.1992	TOC23a	D	TOC	CT	CT_adult	CT	0.2089298713904392
TOC23a-46	0.1339	TOC23a	D	TOC	CT	CT_adult	CT	0.14003566040323687
TOC23a-47	0.1467	TOC23a	D	TOC	CT	CT_adult	CT	0.1535401918065476
TOC23a-48	0.2659	TOC23a	D	TOC	CT	CT_adult	CT	0.2793011404998787
TOC23a-49	0.306	TOC23a	D	TOC	CT	CT_adult	CT	0.32160830528681306
TOC23a-50	0.2014	TOC23a	D	TOC	CT	CT_adult	CT	0.21125096272538324
TOC23a-9	0.2091	TOC23a	D	TOC	CT	CT_adult	CT	0.21937478239768737
GOO0423-001s	0.2331	GOO0423	C	GOO	CT	CT_spat	CT	0.24469577877889495
GOO0423-002s	0.207	GOO0423	C	GOO	CT	CT_spat	CT	0.2171591952143317
GOO0423-003s	0.1797	GOO0423	C	GOO	CT	CT_spat	CT	0.18835656183070804
GOO0423-004s	0.1326	GOO0423	C	GOO	CT	CT_spat	CT	0.1386641064325881
GOO0423-006s	0.3498	GOO0423	C	GOO	CT	CT_spat	CT	0.3678191236825169
GOO0423-007s	0.0841	GOO0423	C	GOO	CT	CT_spat	CT	0.08749459291223109
GOO0423-008s	0.2212	GOO0423	C	GOO	CT	CT_spat	CT	0.23214078473987954
GOO0423-009s	0.1587	GOO0423	C	GOO	CT	CT_spat	CT	0.1662006899971514
GOO0423-010s	0.217	GOO0423	C	GOO	CT	CT_spat	CT	0.2277096103731682
GOO0423-011s	0.15	GOO0423	C	GOO	CT	CT_spat	CT	0.15702182880896362
GOO0423-012s	0.1439	GOO0423	C	GOO	CT	CT_spat	CT	0.15058607556207337
GOO0423-013s	0.175	GOO0423	C	GOO	CT	CT_spat	CT	0.18339786670605487
GOO0423-014s	0.3111	GOO0423	C	GOO	CT	CT_spat	CT	0.3269890170178196
GOO0423-015s	0.2676	GOO0423	C	GOO	CT	CT_spat	CT	0.2810947110768809
GOO0423-016s	0.1564	GOO0423	C	GOO	CT	CT_spat	CT	0.163774094510619
GOO0423-018s	0.4462	GOO0423	C	GOO	CT	CT_spat	CT	0.46952512581370076
GOO0423-019s	0.2222	GOO0423	C	GOO	CT	CT_spat	CT	0.23319582625576318
GOO0423-020s	0.1208	GOO0423	C	GOO	CT	CT_spat	CT	0.12621461654516106
GOO0423-021s	0.1872	GOO0423	C	GOO	CT	CT_spat	CT	0.19626937319983542
GOO0423-022s	0.1793	GOO0423	C	GOO	CT	CT_spat	CT	0.18793454522435457
GOO0423-023s	0.2159	GOO0423	C	GOO	CT	CT_spat	CT	0.2265490647056962
GOO0423-024s	0.2878	GOO0423	C	GOO	CT	CT_spat	CT	0.3024065496977306
GOO0423-025s	0.2748	GOO0423	C	GOO	CT	CT_spat	CT	0.28869100999124314
GOO0423-026s	0.2255	GOO0423	C	GOO	CT	CT_spat	CT	0.23667746325817923
GOO0423-027s	0.137	GOO0423	C	GOO	CT	CT_spat	CT	0.1433062891024762
GOO0423-028s	0.2458	GOO0423	C	GOO	CT	CT_spat	CT	0.2580948060306173
GOO0423-029s	0.1848	GOO0423	C	GOO	CT	CT_spat	CT	0.19373727356171466
GOO0423-030s	0.2151	GOO0423	C	GOO	CT	CT_spat	CT	0.22570503149298926
GOO0423-031s	0.1253	GOO0423	C	GOO	CT	CT_spat	CT	0.13096230336663747
GOO0423-032s	0.2361	GOO0423	C	GOO	CT	CT_spat	CT	0.24786090332654592
GOO0423-033s	0.3598	GOO0423	C	GOO	CT	CT_spat	CT	0.37836953884135344
GOO0423-034s	0.1905	GOO0423	C	GOO	CT	CT_spat	CT	0.19975101020225147
GOO0423-035s	0.4437	GOO0423	C	GOO	CT	CT_spat	CT	0.46688752202399164
GOO0423-036s	0.1497	GOO0423	C	GOO	CT	CT_spat	CT	0.15670531635419854
GOO0423-037s	0.0105	GOO0423	C	GOO	CT	CT_spat	CT	0.009843537343194457
GOO0423-038s	0.2177	GOO0423	C	GOO	CT	CT_spat	CT	0.22844813943428674
GOO0423-039s	0.1438	GOO0423	C	GOO	CT	CT_spat	CT	0.15048057141048501
GOO0423-040s	0.2345	GOO0423	C	GOO	CT	CT_spat	CT	0.24617283690113206
GOO0423-041s	0.2534	GOO0423	C	GOO	CT	CT_spat	CT	0.26611312155133304
GOO0423-042s	0.3106	GOO0423	C	GOO	CT	CT_spat	CT	0.3264614962598778
GOO0423-043s	0.0669	GOO0423	C	GOO	CT	CT_spat	CT	0.06934787883903232
GOO0423-044s	0.1181	GOO0423	C	GOO	CT	CT_spat	CT	0.12336600445227519
GOO0423-045s	0.1247	GOO0423	C	GOO	CT	CT_spat	CT	0.1303292784571073
GOO23a-10	0.2176	GOO23a	D	GOO	CT	CT_adult	CT	0.22834263528269838
GOO23a-11	0.1583	GOO23a	D	GOO	CT	CT_adult	CT	0.16577867339079794
GOO23a-12	0.1553	GOO23a	D	GOO	CT	CT_adult	CT	0.16261354884314697
GOO23a-13	0.2083	GOO23a	D	GOO	CT	CT_adult	CT	0.21853074918498044
GOO23a-14	0.2667	GOO23a	D	GOO	CT	CT_adult	CT	0.28014517371258557
GOO23a-15	0.2361	GOO23a	D	GOO	CT	CT_adult	CT	0.24786090332654592
GOO23a-16	0.2809	GOO23a	D	GOO	CT	CT_adult	CT	0.2951267632381334
GOO23a-17	0.3152	GOO23a	D	GOO	CT	CT_adult	CT	0.3313146872329426
GOO23a-18	0.1798	GOO23a	D	GOO	CT	CT_adult	CT	0.1884620659822964
GOO23a-19	0.1524	GOO23a	D	GOO	CT	CT_adult	CT	0.1595539284470844
GOO23a-1	0.3863	GOO23a	D	GOO	CT	CT_adult	CT	0.4063281390122701
GOO23a-20	0.2683	GOO23a	D	GOO	CT	CT_adult	CT	0.28183324013799943
GOO23a-21	0.3951	GOO23a	D	GOO	CT	CT_adult	CT	0.4156125043520463
GOO23a-22	0.1414	GOO23a	D	GOO	CT	CT_adult	CT	0.14794847177236425
GOO23a-23	0.1477	GOO23a	D	GOO	CT	CT_adult	CT	0.15459523332243125
GOO23a-24	0.2811	GOO23a	D	GOO	CT	CT_adult	CT	0.2953377715413102
GOO23a-25	0.1956	GOO23a	D	GOO	CT	CT_adult	CT	0.20513172193325807
GOO23a-26	0.1782	GOO23a	D	GOO	CT	CT_adult	CT	0.18677399955688256
GOO23a-27	0.2014	GOO23a	D	GOO	CT	CT_adult	CT	0.21125096272538324
GOO23a-28	0.1974	GOO23a	D	GOO	CT	CT_adult	CT	0.20703079666184865
GOO23a-29	0.2832	GOO23a	D	GOO	CT	CT_adult	CT	0.2975533587246658
GOO23a-2	0.294	GOO23a	D	GOO	CT	CT_adult	CT	0.3089478070962092
GOO23a-30	0.2301	GOO23a	D	GOO	CT	CT_adult	CT	0.241530654231244
GOO23a-32	0.3239	GOO23a	D	GOO	CT	CT_adult	CT	0.3404935484211304
GOO23a-33	0.2363	GOO23a	D	GOO	CT	CT_adult	CT	0.24807191162972264
GOO23a-34	0.1198	GOO23a	D	GOO	CT	CT_adult	CT	0.1251595750292774
GOO23a-35	0.2351	GOO23a	D	GOO	CT	CT_adult	CT	0.24680586181066227
GOO23a-36	0.241	GOO23a	D	GOO	CT	CT_adult	CT	0.2530306067543758
GOO23a-37	0.2737	GOO23a	D	GOO	CT	CT_adult	CT	0.28753046432377116
GOO23a-38	0.4565	GOO23a	D	GOO	CT	CT_adult	CT	0.4803920534273024
GOO23a-3	0.3231	GOO23a	D	GOO	CT	CT_adult	CT	0.33964951520842346
GOO23a-4	0.377	GOO23a	D	GOO	CT	CT_adult	CT	0.3965162529145522
GOO23a-5	0.2479	GOO23a	D	GOO	CT	CT_adult	CT	0.260310393213973
GOO23a-6	0.2771	GOO23a	D	GOO	CT	CT_adult	CT	0.2911176054777756
GOO23a-7	0.4761	GOO23a	D	GOO	CT	CT_adult	CT	0.5010708671386219
GOO23a-8	0.1353	GOO23a	D	GOO	CT	CT_adult	CT	0.14151271852547398
GOO23a-9	0.1568	GOO23a	D	GOO	CT	CT_adult	CT	0.16419611111697247
NRH0423-001s	0.1558	NRH0423	C	NRH	CT	CT_spat	CT	0.1631410696010888
NRH0423-002s	0.2926	NRH0423	C	NRH	CT	CT_spat	CT	0.30747074897397214
NRH0423-003s	0.2097	NRH0423	C	NRH	CT	CT_spat	CT	0.22000780730721756
NRH0423-004s	0.2745	NRH0423	C	NRH	CT	CT_spat	CT	0.2883744975364781
NRH0423-005s	0.1769	NRH0423	C	NRH	CT	CT_spat	CT	0.18540244558623384
NRH0423-006s	0.0842	NRH0423	C	NRH	CT	CT_spat	CT	0.08760009706381945
NRH0423-007s	0.0905	NRH0423	C	NRH	CT	CT_spat	CT	0.09424685861388646
NRH0423-008s	0.2817	NRH0423	C	NRH	CT	CT_spat	CT	0.29597079645084035
NRH0423-009s	0.1407	NRH0423	C	NRH	CT	CT_spat	CT	0.14720994271124568
NRH0423-010s	0.2291	NRH0423	C	NRH	CT	CT_spat	CT	0.24047561271536036
NRH0423-011s	0.2665	NRH0423	C	NRH	CT	CT_spat	CT	0.2799341654094089
NRH0423-012s	0.2191	NRH0423	C	NRH	CT	CT_spat	CT	0.22992519755652385
NRH0423-013s	0.168	NRH0423	C	NRH	CT	CT_spat	CT	0.17601257609486934
NRH0423-014s	0.2594	NRH0423	C	NRH	CT	CT_spat	CT	0.272443370646635
NRH0423-015s	0.1345	NRH0423	C	NRH	CT	CT_spat	CT	0.14066868531276708
NRH0423-016s	0.1452	NRH0423	C	NRH	CT	CT_spat	CT	0.1519576295327221
NRH0423-017s	0.2664	NRH0423	C	NRH	CT	CT_spat	CT	0.2798286612578205
NRH0423-018s	0.1042	NRH0423	C	NRH	CT	CT_spat	CT	0.10870092738149247
NRH0423-019s	0.1284	NRH0423	C	NRH	CT	CT_spat	CT	0.13423293206587678
NRH0423-020s	0.2502	NRH0423	C	NRH	CT	CT_spat	CT	0.2627369887005053
NRH0423-021s	0.1295	NRH0423	C	NRH	CT	CT_spat	CT	0.1353934777333488
NRH0423-022s	0.2299	NRH0423	C	NRH	CT	CT_spat	CT	0.24131964592806726
NRH0423-023s	0.2489	NRH0423	C	NRH	CT	CT_spat	CT	0.2613654347298566
NRH0423-024s	0.3131	NRH0423	C	NRH	CT	CT_spat	CT	0.329099100049587
NRH0423-025s	0.2217	NRH0423	C	NRH	CT	CT_spat	CT	0.23266830549782136
NRH0423-026s	0.1212	NRH0423	C	NRH	CT	CT_spat	CT	0.12663663315151452
NRH0423-027s	0.2084	NRH0423	C	NRH	CT	CT_spat	CT	0.2186362533365688
NRH0423-028s	0.2456	NRH0423	C	NRH	CT	CT_spat	CT	0.2578837977274406
NRH0423-029s	0.2061	NRH0423	C	NRH	CT	CT_spat	CT	0.2162096578500364
NRH0423-030s	0.1868	NRH0423	C	NRH	CT	CT_spat	CT	0.19584735659348196
NRH0423-031s	0.1958	NRH0423	C	NRH	CT	CT_spat	CT	0.20534273023643482
NRH0423-032s	0.1801	NRH0423	C	NRH	CT	CT_spat	CT	0.1887785784370615
NRH0423-033s	0.2172	NRH0423	C	NRH	CT	CT_spat	CT	0.22792061867634492
NRH0423-034s	0.079	NRH0423	C	NRH	CT	CT_spat	CT	0.08211388118122448
NRH0423-035s	0.3175	NRH0423	C	NRH	CT	CT_spat	CT	0.333741282719475
NRH0423-036s	0.4437	NRH0423	C	NRH	CT	CT_spat	CT	0.46688752202399164
NRH0423-037s	0.1925	NRH0423	C	NRH	CT	CT_spat	CT	0.20186109323401877
NRH0423-038s	0.0601	NRH0423	C	NRH	CT	CT_spat	CT	0.0621735965310235
NRH0423-039s	0.1649	NRH0423	C	NRH	CT	CT_spat	CT	0.17274194739563
NRH0423-040s	0.2272	NRH0423	C	NRH	CT	CT_spat	CT	0.23847103383518142
NRH0423-041s	0.142	NRH0423	C	NRH	CT	CT_spat	CT	0.1485814966818944
NRH0423-042s	0.1862	NRH0423	C	NRH	CT	CT_spat	CT	0.19521433168395178
LOP0423-001s	0.3493	LOP0423	C	LOP	CT	CT_spat	CT	0.3672916029245751
LOP0423-002s	0.1297	LOP0423	C	LOP	CT	CT_spat	CT	0.13560448603652556
LOP0423-003s	0.1532	LOP0423	C	LOP	CT	CT_spat	CT	0.1603979616597913
LOP0423-004s	0.1371	LOP0423	C	LOP	CT	CT_spat	CT	0.14341179325406456
LOP0423-005s	0.1042	LOP0423	C	LOP	CT	CT_spat	CT	0.10870092738149247
LOP0423-006s	0.1682	LOP0423	C	LOP	CT	CT_spat	CT	0.17622358439804606
LOP0423-007s	0.2863	LOP0423	C	LOP	CT	CT_spat	CT	0.30082398742390515
LOP0423-008s	0.2026	LOP0423	C	LOP	CT	CT_spat	CT	0.21251701254444363
LOP0423-009s	0.1602	LOP0423	C	LOP	CT	CT_spat	CT	0.16778325227097687
LOP0423-010s	0.1471	LOP0423	C	LOP	CT	CT_spat	CT	0.15396220841290106
LOP0423-011s	0.2453	LOP0423	C	LOP	CT	CT_spat	CT	0.2575672852726755
LOP0423-012s	0.2777	LOP0423	C	LOP	CT	CT_spat	CT	0.29175063038730575
LOP0423-013s	0.109	LOP0423	C	LOP	CT	CT_spat	CT	0.11376512665773399
LOP0423-014s	0.2118	LOP0423	C	LOP	CT	CT_spat	CT	0.2222233944905732
LOP0423-015s	0.2158	LOP0423	C	LOP	CT	CT_spat	CT	0.2264435605541078
LOP0423-016s	0.2911	LOP0423	C	LOP	CT	CT_spat	CT	0.30588818670014667
LOP0423-017s	0.2041	LOP0423	C	LOP	CT	CT_spat	CT	0.2140995748182691
LOP0423-018s	0.2269	LOP0423	C	LOP	CT	CT_spat	CT	0.23815452138041632
LOP0423-019s	0.2056	LOP0423	C	LOP	CT	CT_spat	CT	0.21568213709209458
LOP0423-020s	0.2152	LOP0423	C	LOP	CT	CT_spat	CT	0.22581053564457762
LOP0423-021s	0.1257	LOP0423	C	LOP	CT	CT_spat	CT	0.13138431997299094
LOP0423-022s	0.2033	LOP0423	C	LOP	CT	CT_spat	CT	0.2132555416055622
LOP0423-023s	0.2759	LOP0423	C	LOP	CT	CT_spat	CT	0.2898515556587152
LOP0423-025s	0.0924	LOP0423	C	LOP	CT	CT_spat	CT	0.09625143749406538
LOP0423-026s	0.2712	LOP0423	C	LOP	CT	CT_spat	CT	0.28489286053406204
LOP0423-027s	0.14	LOP0423	C	LOP	CT	CT_spat	CT	0.14647141365012714
LOP0423-028s	0.1325	LOP0423	C	LOP	CT	CT_spat	CT	0.13855860228099975
LOP0423-029s	0.2283	LOP0423	C	LOP	CT	CT_spat	CT	0.23963157950265343
LOP0423-030s	0.3174	LOP0423	C	LOP	CT	CT_spat	CT	0.3336357785678867
LOP0423-031s	0.1122	LOP0423	C	LOP	CT	CT_spat	CT	0.11714125950856166
LOP0423-032s	0.1986	LOP0423	C	LOP	CT	CT_spat	CT	0.20829684648090904
LOP0423-033s	0.1228	LOP0423	C	LOP	CT	CT_spat	CT	0.12832469957692835
LOP0423-034s	0.1665	LOP0423	C	LOP	CT	CT_spat	CT	0.17443001382104387
LOP0423-035s	0.1845	LOP0423	C	LOP	CT	CT_spat	CT	0.19342076110694956
LOP0423-036s	0.2042	LOP0423	C	LOP	CT	CT_spat	CT	0.21420507896985747
LOP0423-037s	0.2152	LOP0423	C	LOP	CT	CT_spat	CT	0.22581053564457762
LOP0423-038s	0.2098	LOP0423	C	LOP	CT	CT_spat	CT	0.2201133114588059
LOP0423-039s	0.2555	LOP0423	C	LOP	CT	CT_spat	CT	0.2683287087346887
LOP0423-040s	0.2705	LOP0423	C	LOP	CT	CT_spat	CT	0.2841543314729435
LOP0423-041s	0.2061	LOP0423	C	LOP	CT	CT_spat	CT	0.2162096578500364
LOP0423-042s	0.2717	LOP0423	C	LOP	CT	CT_spat	CT	0.28542038129200387
LOP0423-043s	0.2268	LOP0423	C	LOP	CT	CT_spat	CT	0.23804901722882796
LOP0423-044s	0.1875	LOP0423	C	LOP	CT	CT_spat	CT	0.1965858856546005
LOP0423-045s	0.1308	LOP0423	C	LOP	CT	CT_spat	CT	0.13676503170399756
LOP0423-046s	0.2226	LOP0423	C	LOP	CT	CT_spat	CT	0.23361784286211662
LOP0423-047s	0.1786	LOP0423	C	LOP	CT	CT_spat	CT	0.18719601616323603
LOP0423-048s	0.237	LOP0423	C	LOP	CT	CT_spat	CT	0.24881044069084118
LOP0423-049s	0.1967	LOP0423	C	LOP	CT	CT_spat	CT	0.2062922676007301
LOP0423-050s	0.1516	LOP0423	C	LOP	CT	CT_spat	CT	0.15870989523437748
LOP0423-051s	0.2177	LOP0423	C	LOP	CT	CT_spat	CT	0.22844813943428674
LOP0423-052s	0.2568	LOP0423	C	LOP	CT	CT_spat	CT	0.2697002627053374
LOP0423-053s	0.1273	LOP0423	C	LOP	CT	CT_spat	CT	0.13307238639840477
LOP0423-054s	0.1393	LOP0423	C	LOP	CT	CT_spat	CT	0.1457328845890086
LOP0423-055s	0.1534	LOP0423	C	LOP	CT	CT_spat	CT	0.16060896996296806
SAB0423-001s	0.2306	SAB0423	C	SAB	CT	CT_spat	CT	0.24205817498918583
SAB0423-002s	0.3607	SAB0423	C	SAB	CT	CT_spat	CT	0.37931907620564875
SAB0423-003s	0.2866	SAB0423	C	SAB	CT	CT_spat	CT	0.30114049987867025
SAB0423-004s	0.1498	SAB0423	C	SAB	CT	CT_spat	CT	0.1568108205057869
SAB0423-005s	0.1855	SAB0423	C	SAB	CT	CT_spat	CT	0.1944758026228332
SAB0423-006s	0.1134	SAB0423	C	SAB	CT	CT_spat	CT	0.11840730932762204
SAB0423-007s	0.1695	SAB0423	C	SAB	CT	CT_spat	CT	0.17759513836869484
SAB0423-008s	0.205	SAB0423	C	SAB	CT	CT_spat	CT	0.21504911218256437
SAB0423-009s	0.2828	SAB0423	C	SAB	CT	CT_spat	CT	0.2971313421183124
SAB0423-010s	0.1322	SAB0423	C	SAB	CT	CT_spat	CT	0.13824208982623468
SAB0423-011s	0.2533	SAB0423	C	SAB	CT	CT_spat	CT	0.2660076173997447
SAB0423-012s	0.2543	SAB0423	C	SAB	CT	CT_spat	CT	0.26706265891562836
SAB0423-013s	0.1654	SAB0423	C	SAB	CT	CT_spat	CT	0.17326946815357183
SAB0423-014s	0.2627	SAB0423	C	SAB	CT	CT_spat	CT	0.275925007649051
SAB0423-015s	0.4044	SAB0423	C	SAB	CT	CT_spat	CT	0.4254243904497642
SAB0423-016s	0.1792	SAB0423	C	SAB	CT	CT_spat	CT	0.1878290410727662
SAB0423-017s	0.231	SAB0423	C	SAB	CT	CT_spat	CT	0.2424801915955393
SAB0423-018s	0.0905	SAB0423	C	SAB	CT	CT_spat	CT	0.09424685861388646
SAB0423-019s	0.2582	SAB0423	C	SAB	CT	CT_spat	CT	0.27117732082757456
SAB0423-020s	0.1535	SAB0423	C	SAB	CT	CT_spat	CT	0.16071447411455642
SAB0423-021s	0.1905	SAB0423	C	SAB	CT	CT_spat	CT	0.19975101020225147
SAB0423-022s	0.188	SAB0423	C	SAB	CT	CT_spat	CT	0.19711340641254235
SAB0423-023s	0.1845	SAB0423	C	SAB	CT	CT_spat	CT	0.19342076110694956
SAB0423-024s	0.1992	SAB0423	C	SAB	CT	CT_spat	CT	0.2089298713904392
SAB0423-025s	0.2533	SAB0423	C	SAB	CT	CT_spat	CT	0.2660076173997447
SAB0423-026s	0.2612	SAB0423	C	SAB	CT	CT_spat	CT	0.2743424453752255
SAB0423-027s	0.1891	SAB0423	C	SAB	CT	CT_spat	CT	0.19827395208001433
SAB0423-028s	0.1212	SAB0423	C	SAB	CT	CT_spat	CT	0.12663663315151452
SAB0423-029s	0.1332	SAB0423	C	SAB	CT	CT_spat	CT	0.13929713134211832
SAB0423-030s	0.1325	SAB0423	C	SAB	CT	CT_spat	CT	0.13855860228099975
SAB0423-031s	0.2387	SAB0423	C	SAB	CT	CT_spat	CT	0.2506040112678434
SAB0423-032s	0.244	SAB0423	C	SAB	CT	CT_spat	CT	0.2561957313020267
SAB0423-033s	0.1702	SAB0423	C	SAB	CT	CT_spat	CT	0.17833366742981335
SAB0423-035s	0.1938	SAB0423	C	SAB	CT	CT_spat	CT	0.20323264720466752
SAB0423-036s	0.2578	SAB0423	C	SAB	CT	CT_spat	CT	0.27075530422122107
SAB0423-037s	0.1665	SAB0423	C	SAB	CT	CT_spat	CT	0.17443001382104387
SAB0423-038s	0.1586	SAB0423	C	SAB	CT	CT_spat	CT	0.16609518584556301
SAB0423-039s	0.3362	SAB0423	C	SAB	CT	CT_spat	CT	0.35347055906649927
SAB0423-040s	0.1625	SAB0423	C	SAB	CT	CT_spat	CT	0.17020984775750927
SAB0423-041s	0.2939	SAB0423	C	SAB	CT	CT_spat	CT	0.3088423029446209
SAB0423-042s	0.1854	SAB0423	C	SAB	CT	CT_spat	CT	0.19437029847124485
SAB0423-043s	0.2046	SAB0423	C	SAB	CT	CT_spat	CT	0.21462709557621093
SAB0423-044s	0.2209	SAB0423	C	SAB	CT	CT_spat	CT	0.23182427228511443
SAB0423-045s	0.4622	SAB0423	C	SAB	CT	CT_spat	CT	0.4864057900678392
SAB0423-046s	0.1409	SAB0423	C	SAB	CT	CT_spat	CT	0.14742095101442243
SAB0423-047s	0.2114	SAB0423	C	SAB	CT	CT_spat	CT	0.22180137788421975
SAB0423-048s	0.2331	SAB0423	C	SAB	CT	CT_spat	CT	0.24469577877889495
SAB0423-049s	0.2261	SAB0423	C	SAB	CT	CT_spat	CT	0.23731048816770942
SAB0423-050s	0.3326	SAB0423	C	SAB	CT	CT_spat	CT	0.34967240960931817
HOR-01	0.4803	HOR	C	HOR	CT	CT_spat	CT	0.5055020415053333
HOR-02	0.2345	HOR	C	HOR	CT	CT_spat	CT	0.24617283690113206
HOR-03	0.3153	HOR	C	HOR	CT	CT_spat	CT	0.331420191384531
HOR-04	0.2078	HOR	C	HOR	CT	CT_spat	CT	0.21800322842703862
HOR-05	0.2846	HOR	C	HOR	CT	CT_spat	CT	0.29903041684690296
HOR-06	0.2357	HOR	C	HOR	CT	CT_spat	CT	0.24743888672019243
HOR-07	0.2407	HOR	C	HOR	CT	CT_spat	CT	0.25271409429961067
HOR-08	0.2099	HOR	C	HOR	CT	CT_spat	CT	0.22021881561039428
HOR-09	0.1817	HOR	C	HOR	CT	CT_spat	CT	0.19046664486247533
HOR-10	0.2229	HOR	C	HOR	CT	CT_spat	CT	0.23393435531688173
HOR-11	0.3206	HOR	C	HOR	CT	CT_spat	CT	0.33701191141871434
HOR-12	0.2468	HOR	C	HOR	CT	CT_spat	CT	0.25914984754650094
HOR-13	0.2017	HOR	C	HOR	CT	CT_spat	CT	0.21156747518014835
HOR-14	0.271	HOR	C	HOR	CT	CT_spat	CT	0.2846818522308853
HOR-15	0.3095	HOR	C	HOR	CT	CT_spat	CT	0.3253009505924058
HOR-16	0.3311	HOR	C	HOR	CT	CT_spat	CT	0.3480898473354927
HOR-17	0.2605	HOR	C	HOR	CT	CT_spat	CT	0.27360391631410697
HOR-18	0.1573	HOR	C	HOR	CT	CT_spat	CT	0.1647236318749143
HOR-19	0.2956	HOR	C	HOR	CT	CT_spat	CT	0.3106358735216231
HOR-20	0.3596	HOR	C	HOR	CT	CT_spat	CT	0.37815853053817666
HOR-21	0.2431	HOR	C	HOR	CT	CT_spat	CT	0.25524619393773146
HOR-22	0.3041	HOR	C	HOR	CT	CT_spat	CT	0.3196037264066341
HOR-23	0.2683	HOR	C	HOR	CT	CT_spat	CT	0.28183324013799943
ASC0423-001s	0.2247	ASC0423	C	ASC	CT	CT_spat	CT	0.2358334300454723
ASC0423-002s	0.2381	ASC0423	C	ASC	CT	CT_spat	CT	0.24997098635831322
ASC0423-003s	0.2522	ASC0423	C	ASC	CT	CT_spat	CT	0.2648470717322727
ASC0423-004s	0.2582	ASC0423	C	ASC	CT	CT_spat	CT	0.27117732082757456
ASC0423-005s	0.2508	ASC0423	C	ASC	CT	CT_spat	CT	0.2633700136100356
ASC0423-006s	0.413	ASC0423	C	ASC	CT	CT_spat	CT	0.4344977474863636
ASC0423-007s	0.2085	ASC0423	C	ASC	CT	CT_spat	CT	0.21874175748815716
ASC0423-008s	0.2949	ASC0423	C	ASC	CT	CT_spat	CT	0.30989734446050454
ASC0423-009s	0.3609	ASC0423	C	ASC	CT	CT_spat	CT	0.3795300845088254
ASC0423-010s	0.2279	ASC0423	C	ASC	CT	CT_spat	CT	0.23920956289629997
ASC0423-011s	0.2198	ASC0423	C	ASC	CT	CT_spat	CT	0.2306637266176424
ASC0423-012s	0.2672	ASC0423	C	ASC	CT	CT_spat	CT	0.2806726944705274
ASC0423-013s	0.2712	ASC0423	C	ASC	CT	CT_spat	CT	0.28489286053406204
ASC0423-014s	0.2774	ASC0423	C	ASC	CT	CT_spat	CT	0.29143411793254065
ASC0423-015s	0.2574	ASC0423	C	ASC	CT	CT_spat	CT	0.2703332876148677
ASC0423-016s	0.2474	ASC0423	C	ASC	CT	CT_spat	CT	0.25978287245603116
ASC0423-017s	0.2382	ASC0423	C	ASC	CT	CT_spat	CT	0.25007649050990155
ASC0423-018s	0.2177	ASC0423	C	ASC	CT	CT_spat	CT	0.22844813943428674
ASC0423-019s	0.2198	ASC0423	C	ASC	CT	CT_spat	CT	0.2306637266176424
ASC0423-020s	0.2273	ASC0423	C	ASC	CT	CT_spat	CT	0.23857653798676978
ASC0423-021s	0.2191	ASC0423	C	ASC	CT	CT_spat	CT	0.22992519755652385
ASC0423-022s	0.188	ASC0423	C	ASC	CT	CT_spat	CT	0.19711340641254235
ASC0423-023s	0.3391	ASC0423	C	ASC	CT	CT_spat	CT	0.3565301794625619
ASC0423-024s	0.3017	ASC0423	C	ASC	CT	CT_spat	CT	0.31707162676851336
ASC0423-025s	0.3031	ASC0423	C	ASC	CT	CT_spat	CT	0.31854868489075044
ASC0423-026s	0.2158	ASC0423	C	ASC	CT	CT_spat	CT	0.2264435605541078
ASC0423-027s	0.2088	ASC0423	C	ASC	CT	CT_spat	CT	0.21905826994292227
ASC0423-028s	0.254	ASC0423	C	ASC	CT	CT_spat	CT	0.26674614646086325
ASC0423-029s	0.1881	ASC0423	C	ASC	CT	CT_spat	CT	0.19721891056413068
ASC0423-030s	0.3246	ASC0423	C	ASC	CT	CT_spat	CT	0.34123207748224893
ASC0423-031s	0.2477	ASC0423	C	ASC	CT	CT_spat	CT	0.26009938491079626
ASC0423-032s	0.2627	ASC0423	C	ASC	CT	CT_spat	CT	0.275925007649051
ASC0423-033s	0.2961	ASC0423	C	ASC	CT	CT_spat	CT	0.3111633942795649
ASC0423-034s	0.2598	ASC0423	C	ASC	CT	CT_spat	CT	0.27286538725298837
ASC0423-035s	0.2631	ASC0423	C	ASC	CT	CT_spat	CT	0.27634702425540447
ASC0423-036s	0.1714	ASC0423	C	ASC	CT	CT_spat	CT	0.17959971724887375
ASC0423-037s	0.189	ASC0423	C	ASC	CT	CT_spat	CT	0.198168447928426
ASC0423-038s	0.1762	ASC0423	C	ASC	CT	CT_spat	CT	0.18466391652511527
ASC0423-039s	0.2592	ASC0423	C	ASC	CT	CT_spat	CT	0.2722323623434582
ASC0423-040s	0.2078	ASC0423	C	ASC	CT	CT_spat	CT	0.21800322842703862
ASC0423-041s	0.2706	ASC0423	C	ASC	CT	CT_spat	CT	0.28425983562453183
ASC0423-042s	0.2893	ASC0423	C	ASC	CT	CT_spat	CT	0.3039891119715561
ASC0423-043s	0.2961	ASC0423	C	ASC	CT	CT_spat	CT	0.3111633942795649
ASC0423-044s	0.2181	ASC0423	C	ASC	CT	CT_spat	CT	0.2288701560406402
ASC0423-045s	0.262	ASC0423	C	ASC	CT	CT_spat	CT	0.27518647858793244
ASC0423-046s	0.2053	ASC0423	C	ASC	CT	CT_spat	CT	0.2153656246373295
ASC0423-047s	0.2337	ASC0423	C	ASC	CT	CT_spat	CT	0.24532880368842513
ASC0423-048s	0.2532	ASC0423	C	ASC	CT	CT_spat	CT	0.2659021132481563
ASC0423-049s	0.2257	ASC0423	C	ASC	CT	CT_spat	CT	0.23688847156135595
ASC0423-050s	0.4411	ASC0423	C	ASC	CT	CT_spat	CT	0.4641444140826942
ASC23a-12	0.1439	ASC23a	D	ASC	CT	CT_adult	CT	0.15058607556207337
ASC23a-14	0.2548	ASC23a	D	ASC	CT	CT_adult	CT	0.2675901796735702
ASC23a-15	0.2288	ASC23a	D	ASC	CT	CT_adult	CT	0.24015910026059525
ASC23a-16	0.2645	ASC23a	D	ASC	CT	CT_adult	CT	0.27782408237764156
ASC23a-17	0.2482	ASC23a	D	ASC	CT	CT_adult	CT	0.2606269056687381
ASC23a-18	0.3564	ASC23a	D	ASC	CT	CT_adult	CT	0.374782397687349
ASC23a-22	0.1079	ASC23a	D	ASC	CT	CT_adult	CT	0.11260458099026197
ASC23a-25	0.2674	ASC23a	D	ASC	CT	CT_adult	CT	0.28088370277370417
ASC23a-26	0.1354	ASC23a	D	ASC	CT	CT_adult	CT	0.14161822267706234
ASC23a-27	0.1224	ASC23a	D	ASC	CT	CT_adult	CT	0.1279026829705749
ASC23a-28	0.1759	ASC23a	D	ASC	CT	CT_adult	CT	0.18434740407035016
ASC23a-29	0.1322	ASC23a	D	ASC	CT	CT_adult	CT	0.13824208982623468
ASC23a-31	0.1772	ASC23a	D	ASC	CT	CT_adult	CT	0.18571895804099892
ASC23a-32	0.1895	ASC23a	D	ASC	CT	CT_adult	CT	0.19869596868636782
ASC23a-33	0.1319	ASC23a	D	ASC	CT	CT_adult	CT	0.13792557737146957
ASC23a-34	0.204	ASC23a	D	ASC	CT	CT_adult	CT	0.21399407066668072
ASC23a-36	0.5431	ASC23a	D	ASC	CT	CT_adult	CT	0.5717586487028266
ASC23a-37	0.2469	ASC23a	D	ASC	CT	CT_adult	CT	0.25925535169808933
ASC23a-39	0.2409	ASC23a	D	ASC	CT	CT_adult	CT	0.25292510260278744
ASC23a-40	0.2685	ASC23a	D	ASC	CT	CT_adult	CT	0.2820442484411762
ASC23a-41	0.161	ASC23a	D	ASC	CT	CT_adult	CT	0.1686272854836838
ASC23a-42	0.2118	ASC23a	D	ASC	CT	CT_adult	CT	0.2222233944905732
ASC23a-43	0.1781	ASC23a	D	ASC	CT	CT_adult	CT	0.1866684954052942
ASC23a-44	0.2939	ASC23a	D	ASC	CT	CT_adult	CT	0.3088423029446209
ASC23a-45	0.1939	ASC23a	D	ASC	CT	CT_adult	CT	0.20333815135625585
ASC23a-46	0.1988	ASC23a	D	ASC	CT	CT_adult	CT	0.20850785478408576
ASC23a-47	0.169	ASC23a	D	ASC	CT	CT_adult	CT	0.177067617610753
ASC23a-48	0.165	ASC23a	D	ASC	CT	CT_adult	CT	0.1728474515472184
ASC23a-4	0.2271	ASC23a	D	ASC	CT	CT_adult	CT	0.23836552968359306
ASC23a-52	0.1969	ASC23a	D	ASC	CT	CT_adult	CT	0.20650327590390682
ASC23a-54	0.1399	ASC23a	D	ASC	CT	CT_adult	CT	0.14636590949853875
ASC23a-57	0.2287	ASC23a	D	ASC	CT	CT_adult	CT	0.2400535961090069
ASC23a-58	0.2253	ASC23a	D	ASC	CT	CT_adult	CT	0.2364664549550025
ASC23a-59	0.2513	ASC23a	D	ASC	CT	CT_adult	CT	0.2638975343679774
ASC23a-60	0.2243	ASC23a	D	ASC	CT	CT_adult	CT	0.23541141343911884
ASC23a-9	0.2453	ASC23a	D	ASC	CT	CT_adult	CT	0.2575672852726755
LIW1-10	0.2874	LIW1	C	LIW1	CT	CT_adult	CT	0.3019845330913771
LIW1-11	0.2343	LIW1	C	LIW1	CT	CT_adult	CT	0.24596182859795535
LIW1-12	0.3191	LIW1	C	LIW1	CT	CT_adult	CT	0.33542934914488887
LIW1-13	0.3171	LIW1	C	LIW1	CT	CT_adult	CT	0.33331926611312157
LIW1-14	0.2936	LIW1	C	LIW1	CT	CT_adult	CT	0.3085257904898558
LIW1-15	0.3076	LIW1	C	LIW1	CT	CT_adult	CT	0.32329637171222686
LIW1-16	0.2172	LIW1	C	LIW1	CT	CT_adult	CT	0.22792061867634492
LIW1-17	0.2891	LIW1	C	LIW1	CT	CT_adult	CT	0.3037781036683794
LIW1-18	0.3281	LIW1	C	LIW1	CT	CT_adult	CT	0.3449247227878417
LIW1-19	0.3666	LIW1	C	LIW1	CT	CT_adult	CT	0.3855438211493622
LIW1-1	0.4252	LIW1	C	LIW1	CT	CT_adult	CT	0.44736925398014415
LIW1-20	0.2723	LIW1	C	LIW1	CT	CT_adult	CT	0.286053406201534
LIW1-21	0.347	LIW1	C	LIW1	CT	CT_adult	CT	0.3648650074380427
LIW1-22	0.2893	LIW1	C	LIW1	CT	CT_adult	CT	0.3039891119715561
LIW1-23	0.2383	LIW1	C	LIW1	CT	CT_adult	CT	0.25018199466148994
LIW1-25	0.2167	LIW1	C	LIW1	CT	CT_adult	CT	0.2273930979184031
LIW1-26	0.2537	LIW1	C	LIW1	CT	CT_adult	CT	0.26642963400609815
LIW1-27	0.3274	LIW1	C	LIW1	CT	CT_adult	CT	0.3441861937267232
LIW1-28	0.2255	LIW1	C	LIW1	CT	CT_adult	CT	0.23667746325817923
LIW1-29	0.2867	LIW1	C	LIW1	CT	CT_adult	CT	0.3012460040302586
LIW1-2	0.2363	LIW1	C	LIW1	CT	CT_adult	CT	0.24807191162972264
LIW1-30	0.2745	LIW1	C	LIW1	CT	CT_adult	CT	0.2883744975364781
LIW1-31	0.29	LIW1	C	LIW1	CT	CT_adult	CT	0.30472764103267463
LIW1-3	0.3779	LIW1	C	LIW1	CT	CT_adult	CT	0.3974657902788475
LIW1-47	0.3186	LIW1	C	LIW1	CT	CT_adult	CT	0.33490182838694704
LIW1-4	0.2723	LIW1	C	LIW1	CT	CT_adult	CT	0.286053406201534
LIW1-5	0.2593	LIW1	C	LIW1	CT	CT_adult	CT	0.27233786649504654
LIW1-6	0.2279	LIW1	C	LIW1	CT	CT_adult	CT	0.23920956289629997
LIW1-7	0.4171	LIW1	C	LIW1	CT	CT_adult	CT	0.4388234177014866
LIW1-8	0.2269	LIW1	C	LIW1	CT	CT_adult	CT	0.23815452138041632
LIW1-9	0.4131	LIW1	C	LIW1	CT	CT_adult	CT	0.434603251637952
SPT22s-001	0.4719	SPT22s	C	SPT	CT	CT_spat	CT	0.49663969277191056
SPT22s-002	0.2349	SPT22s	C	SPT	CT	CT_spat	CT	0.24659485350748553
SPT22s-003	0.1943	SPT22s	C	SPT	CT	CT_spat	CT	0.20376016796260935
SPT22s-004	0.1905	SPT22s	C	SPT	CT	CT_spat	CT	0.19975101020225147
SPT22s-005	0.2321	SPT22s	C	SPT	CT	CT_spat	CT	0.2436407372630113
SPT22s-006	0.3139	SPT22s	C	SPT	CT	CT_spat	CT	0.3299431332622939
SPT22s-007	0.2009	SPT22s	C	SPT	CT	CT_spat	CT	0.21072344196744142
SPT22s-008	0.3226	SPT22s	C	SPT	CT	CT_spat	CT	0.33912199445048163
SPT22s-009	0.1796	SPT22s	C	SPT	CT	CT_spat	CT	0.18825105767911968
SPT22s-010	0.2386	SPT22s	C	SPT	CT	CT_spat	CT	0.25049850711625504
SPT22s-011	0.2404	SPT22s	C	SPT	CT	CT_spat	CT	0.2523975818448456
SPT22s-012	0.1493	SPT22s	C	SPT	CT	CT_spat	CT	0.15628329974784508
SPT22s-013	0.1159	SPT22s	C	SPT	CT	CT_spat	CT	0.12104491311733118
SPT22s-014	0.2277	SPT22s	C	SPT	CT	CT_spat	CT	0.23899855459312327
SPT22s-015	0.3943	SPT22s	C	SPT	CT	CT_spat	CT	0.41476847113933935
SPT22s-016	0.173	SPT22s	C	SPT	CT	CT_spat	CT	0.18128778367428758
SPT22s-017	0.2082	SPT22s	C	SPT	CT	CT_spat	CT	0.21842524503339206
SPT22s-018	0.3457	SPT22s	C	SPT	CT	CT_spat	CT	0.363493453467394
SPT22s-019	0.2306	SPT22s	C	SPT	CT	CT_spat	CT	0.24205817498918583
SPT22s-020	0.1636	SPT22s	C	SPT	CT	CT_spat	CT	0.17137039342498128
SPT22s-021	0.2593	SPT22s	C	SPT	CT	CT_spat	CT	0.27233786649504654
SPT22s-022	0.1842	SPT22s	C	SPT	CT	CT_spat	CT	0.19310424865218448
SPT22s-023	0.2374	SPT22s	C	SPT	CT	CT_spat	CT	0.24923245729719465
SPT22s-024	0.1495	SPT22s	C	SPT	CT	CT_spat	CT	0.1564943080510218
SPT22s-025	0.2762	SPT22s	C	SPT	CT	CT_spat	CT	0.2901680681134803
SPT22s-026	0.2786	SPT22s	C	SPT	CT	CT_spat	CT	0.29270016775160107
SPT22s-027	0.1835	SPT22s	C	SPT	CT	CT_spat	CT	0.1923657195910659
SPT22s-028	0.483	SPT22s	C	SPT	CT	CT_spat	CT	0.5083506535982191
SPT22s-029	0.2335	SPT22s	C	SPT	CT	CT_spat	CT	0.24511779538524844
SPT22s-030	0.1781	SPT22s	C	SPT	CT	CT_spat	CT	0.1866684954052942
SPT22s-031	0.1948	SPT22s	C	SPT	CT	CT_spat	CT	0.20428768872055117
SPT22s-032	0.2399	SPT22s	C	SPT	CT	CT_spat	CT	0.2518700610869038
SPT22s-033	0.1781	SPT22s	C	SPT	CT	CT_spat	CT	0.1866684954052942
SPT22s-034	0.2075	SPT22s	C	SPT	CT	CT_spat	CT	0.21768671597227351
SPT22s-035	0.143	SPT22s	C	SPT	CT	CT_spat	CT	0.14963653819777809
SPT22s-036	0.1807	SPT22s	C	SPT	CT	CT_spat	CT	0.18941160334659168
SPT22s-037	0.2748	SPT22s	C	SPT	CT	CT_spat	CT	0.28869100999124314
SPT22s-038	0.2397	SPT22s	C	SPT	CT	CT_spat	CT	0.251659052783727
SPT22s-039	0.1873	SPT22s	C	SPT	CT	CT_spat	CT	0.19637487735142378
SPT22s-040	0.263	SPT22s	C	SPT	CT	CT_spat	CT	0.2762415201038161
SPT22s-041	0.1901	SPT22s	C	SPT	CT	CT_spat	CT	0.199328993595898
SPT22s-042	0.1819	SPT22s	C	SPT	CT	CT_spat	CT	0.19067765316565208
SPT22s-043	0.1762	SPT22s	C	SPT	CT	CT_spat	CT	0.18466391652511527
SPT22s-044	0.2627	SPT22s	C	SPT	CT	CT_spat	CT	0.275925007649051
SPT22s-045	0.1578	SPT22s	C	SPT	CT	CT_spat	CT	0.1652511526328561
SPT22s-047	0.1988	SPT22s	C	SPT	CT	CT_spat	CT	0.20850785478408576
SPT22s-048	0.1781	SPT22s	C	SPT	CT	CT_spat	CT	0.1866684954052942
SPT22s-049	0.0584	SPT22s	C	SPT	CT	CT_spat	CT	0.060380025954021296
SPT22s-050	0.128	SPT22s	C	SPT	CT	CT_spat	CT	0.13381091545952334
SPT22s-051	0.1654	SPT22s	C	SPT	CT	CT_spat	CT	0.17326946815357183
SPT22s-052	0.159	SPT22s	C	SPT	CT	CT_spat	CT	0.16651720245191648
SPT22s-053	0.1364	SPT22s	C	SPT	CT	CT_spat	CT	0.142673264192946
SPT22s-054	0.2692	SPT22s	C	SPT	CT	CT_spat	CT	0.28278277750229475
SPT22s-055	0.1779	SPT22s	C	SPT	CT	CT_spat	CT	0.1864574871021175
SPT22s-056	0.2501	SPT22s	C	SPT	CT	CT_spat	CT	0.262631484548917
SPT22s-057	0.2235	SPT22s	C	SPT	CT	CT_spat	CT	0.2345673802264119
SPT22s-058	0.264	SPT22s	C	SPT	CT	CT_spat	CT	0.27729656161969973
SPT22s-059	0.4673	SPT22s	C	SPT	CT	CT_spat	CT	0.4917865017988458
SPT22s-060	0.2229	SPT22s	C	SPT	CT	CT_spat	CT	0.23393435531688173
SPT22s-061	0.2456	SPT22s	C	SPT	CT	CT_spat	CT	0.2578837977274406
SPT22s-062	0.2463	SPT22s	C	SPT	CT	CT_spat	CT	0.2586223267885591
SPT22s-063	0.2213	SPT22s	C	SPT	CT	CT_spat	CT	0.2322462888914679
SPT22s-064	0.1684	SPT22s	C	SPT	CT	CT_spat	CT	0.1764345927012228
SPT22s-065	0.1506	SPT22s	C	SPT	CT	CT_spat	CT	0.15765485371849383
SPT22s-066	0.1691	SPT22s	C	SPT	CT	CT_spat	CT	0.17717312176234135
SPT22s-067	0.2298	SPT22s	C	SPT	CT	CT_spat	CT	0.24121414177647893
SPT22s-068	0.2209	SPT22s	C	SPT	CT	CT_spat	CT	0.23182427228511443
SPT22s-069	0.0895	SPT22s	C	SPT	CT	CT_spat	CT	0.0931918170980028
SPT22s-070	0.199	SPT22s	C	SPT	CT	CT_spat	CT	0.2087188630872625
SPT22s-071	0.2386	SPT22s	C	SPT	CT	CT_spat	CT	0.25049850711625504
SPT22s-072	0.0993	SPT22s	C	SPT	CT	CT_spat	CT	0.10353122395366257
SPT22s-073	0.2562	SPT22s	C	SPT	CT	CT_spat	CT	0.26906723779580727
SPT22s-074	0.1546	SPT22s	C	SPT	CT	CT_spat	CT	0.16187501978202842
SPT22s-075	0.2087	SPT22s	C	SPT	CT	CT_spat	CT	0.21895276579133388
SPT22s-076	0.1403	SPT22s	C	SPT	CT	CT_spat	CT	0.14678792610489225
SPT22s-077	0.4514	SPT22s	C	SPT	CT	CT_spat	CT	0.4750113416962958
SPT22s-078	0.2191	SPT22s	C	SPT	CT	CT_spat	CT	0.22992519755652385
SPT22s-079	0.2722	SPT22s	C	SPT	CT	CT_spat	CT	0.2859479020499457
SPT22s-080	0.1443	SPT22s	C	SPT	CT	CT_spat	CT	0.15100809216842684
SPT22s-081	0.2147	SPT22s	C	SPT	CT	CT_spat	CT	0.2252830148866358
SPT22s-082	0.2621	SPT22s	C	SPT	CT	CT_spat	CT	0.2752919827395208
SPT22s-083	0.1479	SPT22s	C	SPT	CT	CT_spat	CT	0.15480624162560797
SPT22s-084	0.0939	SPT22s	C	SPT	CT	CT_spat	CT	0.09783399976789087
SPT22s-085	0.2069	SPT22s	C	SPT	CT	CT_spat	CT	0.21705369106274333
SPT22s-086	0.2679	SPT22s	C	SPT	CT	CT_spat	CT	0.281411223531646
SPT22s-087	0.2181	SPT22s	C	SPT	CT	CT_spat	CT	0.2288701560406402
SPT22s-088	0.0814	SPT22s	C	SPT	CT	CT_spat	CT	0.08464598081934524
SPT22s-089	0.2428	SPT22s	C	SPT	CT	CT_spat	CT	0.25492968148296635
SPT22s-090	0.2322	SPT22s	C	SPT	CT	CT_spat	CT	0.24374624141459966
SPT22s-091	0.157	SPT22s	C	SPT	CT	CT_spat	CT	0.16440711942014918
SPT22s-092	0.229	SPT22s	C	SPT	CT	CT_spat	CT	0.240370108563772
SPT22s-093	0.1775	SPT22s	C	SPT	CT	CT_spat	CT	0.186035470495764
SPT22s-094	0.2582	SPT22s	C	SPT	CT	CT_spat	CT	0.27117732082757456
SPT22s-095	0.1556	SPT22s	C	SPT	CT	CT_spat	CT	0.16293006129791207
SPT22s-096	0.2589	SPT22s	C	SPT	CT	CT_spat	CT	0.27191584988869316
SPT22s-097	0.2575	SPT22s	C	SPT	CT	CT_spat	CT	0.270438791766456
SPT22s-098	0.1835	SPT22s	C	SPT	CT	CT_spat	CT	0.1923657195910659
SPT22s-099	0.1849	SPT22s	C	SPT	CT	CT_spat	CT	0.19384277771330302
SPT22s-100	0.121	SPT22s	C	SPT	CT	CT_spat	CT	0.12642562484833778
SPT22s-101	0.2332	SPT22s	C	SPT	CT	CT_spat	CT	0.2448012829304833
SPT22s-102	0.2355	SPT22s	C	SPT	CT	CT_spat	CT	0.2472278784170157
SPT22s-103	0.2354	SPT22s	C	SPT	CT	CT_spat	CT	0.24712237426542735
SPT22s-104	0.2751	SPT22s	C	SPT	CT	CT_spat	CT	0.28900752244600825
SPT22s-105	0.4183	SPT22s	C	SPT	CT	CT_spat	CT	0.44008946752054695
SPT22s-106	0.1112	SPT22s	C	SPT	CT	CT_spat	CT	0.116086217992678
SPT22s-107	0.2187	SPT22s	C	SPT	CT	CT_spat	CT	0.22950318095017042
SPT22s-108	0.4558	SPT22s	C	SPT	CT	CT_spat	CT	0.4796535243661838
SPT22s-109	0.1765	SPT22s	C	SPT	CT	CT_spat	CT	0.18498042897988035
SPT22s-110	0.1527	SPT22s	C	SPT	CT	CT_spat	CT	0.1598704409018495
SPT22s-111	0.25	SPT22s	C	SPT	CT	CT_spat	CT	0.26252598039732866
SPT22s-112	0.1715	SPT22s	C	SPT	CT	CT_spat	CT	0.17970522140046213
SPT22s-113	0.256	SPT22s	C	SPT	CT	CT_spat	CT	0.26885622949263055
SPT22s-114	0.2527	SPT22s	C	SPT	CT	CT_spat	CT	0.2653745924902145
SPT22s-115	0.1619	SPT22s	C	SPT	CT	CT_spat	CT	0.16957682284797906
SPT22s-116	0.243	SPT22s	C	SPT	CT	CT_spat	CT	0.25514068978614307
SPT22s-117	0.1881	SPT22s	C	SPT	CT	CT_spat	CT	0.19721891056413068
SPT22s-118	0.1436	SPT22s	C	SPT	CT	CT_spat	CT	0.15026956310730827
SPT22s-119	0.2083	SPT22s	C	SPT	CT	CT_spat	CT	0.21853074918498044
SPT22s-120	0.1901	SPT22s	C	SPT	CT	CT_spat	CT	0.199328993595898
SPT22s-121	0.2335	SPT22s	C	SPT	CT	CT_spat	CT	0.24511779538524844
SPT22s-122	0.1657	SPT22s	C	SPT	CT	CT_spat	CT	0.17358598060833694
SPT22s-123	0.2668	SPT22s	C	SPT	CT	CT_spat	CT	0.28025067786417396
SPT22s-124	0.2039	SPT22s	C	SPT	CT	CT_spat	CT	0.21388856651509236
SPT22s-126	0.4102	SPT22s	C	SPT	CT	CT_spat	CT	0.4315436312418894
STP23a-10	0.1922	STP23a	D	SPT	CT	CT_adult	CT	0.2015445807792537
STP23a-11	0.1561	STP23a	D	SPT	CT	CT_adult	CT	0.1634575820558539
STP23a-12	0.3169	STP23a	D	SPT	CT	CT_adult	CT	0.33310825780994485
STP23a-13	0.2359	STP23a	D	SPT	CT	CT_adult	CT	0.24764989502336918
STP23a-14	0.1902	STP23a	D	SPT	CT	CT_adult	CT	0.19943449774748637
STP23a-15	0.2308	STP23a	D	SPT	CT	CT_adult	CT	0.24226918329236258
STP23a-16	0.1957	STP23a	D	SPT	CT	CT_adult	CT	0.20523722608484646
STP23a-17	0.338	STP23a	D	SPT	CT	CT_adult	CT	0.3553696337950899
STP23a-18	0.2994	STP23a	D	SPT	CT	CT_adult	CT	0.31464503128198096
STP23a-19	0.2321	STP23a	D	SPT	CT	CT_adult	CT	0.2436407372630113
STP23a-20	0.2219	STP23a	D	SPT	CT	CT_adult	CT	0.23287931380099805
STP23a-21	0.2751	STP23a	D	SPT	CT	CT_adult	CT	0.28900752244600825
STP23a-22	0.1854	STP23a	D	SPT	CT	CT_adult	CT	0.19437029847124485
STP23a-23	0.1914	STP23a	D	SPT	CT	CT_adult	CT	0.20070054756654673
STP23a-24	0.2519	STP23a	D	SPT	CT	CT_adult	CT	0.26453055927750757
STP23a-25	0.2795	STP23a	D	SPT	CT	CT_adult	CT	0.29364970511589633
STP23a-26	0.3511	STP23a	D	SPT	CT	CT_adult	CT	0.3691906776531657
STP23a-27	0.2952	STP23a	D	SPT	CT	CT_adult	CT	0.31021385691526965
STP23a-28	0.2257	STP23a	D	SPT	CT	CT_adult	CT	0.23688847156135595
STP23a-29	0.2025	STP23a	D	SPT	CT	CT_adult	CT	0.21241150839285527
STP23a-30	0.2405	STP23a	D	SPT	CT	CT_adult	CT	0.25250308599643395
STP23a-39	0.2268	STP23a	D	SPT	CT	CT_adult	CT	0.23804901722882796
STP23a-40	0.1887	STP23a	D	SPT	CT	CT_adult	CT	0.1978519354736609
STP23a-41	0.227	STP23a	D	SPT	CT	CT_adult	CT	0.2382600255320047
STP23a-42	0.1682	STP23a	D	SPT	CT	CT_adult	CT	0.17622358439804606
STP23a-43	0.3037	STP23a	D	SPT	CT	CT_adult	CT	0.31918170980028066
STP23a-44	0.2284	STP23a	D	SPT	CT	CT_adult	CT	0.2397370836542418
STP23a-45	0.2852	STP23a	D	SPT	CT	CT_adult	CT	0.2996634417564331
STP23a-46	0.3875	STP23a	D	SPT	CT	CT_adult	CT	0.40759418883133053
STP23a-47	0.2589	STP23a	D	SPT	CT	CT_adult	CT	0.27191584988869316
STP23a-48	0.1924	STP23a	D	SPT	CT	CT_adult	CT	0.20175558908243038
STP23a-49	0.2687	STP23a	D	SPT	CT	CT_adult	CT	0.28225525674435287
STP23a-50	0.231	STP23a	D	SPT	CT	CT_adult	CT	0.2424801915955393
STP23a-7	0.2194	STP23a	D	SPT	CT	CT_adult	CT	0.23024171001128896
STP23a-8	0.2212	STP23a	D	SPT	CT	CT_adult	CT	0.23214078473987954
STP23a-9	0.1617	STP23a	D	SPT	CT	CT_adult	CT	0.16936581454480235
MIH0423-001s	0.2023	MIH0423	C	MIH	CT	CT_spat	CT	0.21220050008967856
MIH0423-002s	0.2283	MIH0423	C	MIH	CT	CT_spat	CT	0.23963157950265343
MIH0423-003s	0.1893	MIH0423	C	MIH	CT	CT_spat	CT	0.19848496038319108
MIH0423-004s	0.1508	MIH0423	C	MIH	CT	CT_spat	CT	0.15786586202167055
MIH0423-005s	0.2772	MIH0423	C	MIH	CT	CT_spat	CT	0.29122310962936393
MIH0423-006s	0.1878	MIH0423	C	MIH	CT	CT_spat	CT	0.1969023981093656
MIH0423-007s	0.1342	MIH0423	C	MIH	CT	CT_spat	CT	0.14035217285800197
MIH0423-008s	0.2792	MIH0423	C	MIH	CT	CT_spat	CT	0.2933331926611312
MIH0423-009s	0.3178	MIH0423	C	MIH	CT	CT_spat	CT	0.33405779517424017
MIH0423-010s	0.1557	MIH0423	C	MIH	CT	CT_spat	CT	0.16303556544950046
MIH0423-011s	0.2479	MIH0423	C	MIH	CT	CT_spat	CT	0.260310393213973
MIH0423-012s	0.353	MIH0423	C	MIH	CT	CT_spat	CT	0.37119525653334456
MIH0423-013s	0.2914	MIH0423	C	MIH	CT	CT_spat	CT	0.3062046991549118
MIH0423-014s	0.2112	MIH0423	C	MIH	CT	CT_spat	CT	0.22159036958104303
MIH0423-015s	0.1664	MIH0423	C	MIH	CT	CT_spat	CT	0.17432450966945548
MIH0423-016s	0.1637	MIH0423	C	MIH	CT	CT_spat	CT	0.17147589757656964
MIH0423-017s	0.1931	MIH0423	C	MIH	CT	CT_spat	CT	0.20249411814354895
MIH0423-018s	0.1621	MIH0423	C	MIH	CT	CT_spat	CT	0.16978783115115578
MIH0423-019s	0.2262	MIH0423	C	MIH	CT	CT_spat	CT	0.23741599231929778
MIH0423-020s	0.2067	MIH0423	C	MIH	CT	CT_spat	CT	0.21684268275956659
MIH0423-021s	0.0783	MIH0423	C	MIH	CT	CT_spat	CT	0.08137535212010592
MIH0423-022s	0.1289	MIH0423	C	MIH	CT	CT_spat	CT	0.1347604528238186
MIH0423-023s	0.1367	MIH0423	C	MIH	CT	CT_spat	CT	0.14298977664771106
MIH0423-024s	0.2499	MIH0423	C	MIH	CT	CT_spat	CT	0.2624204762457403
MIH0423-025s	0.1028	MIH0423	C	MIH	CT	CT_spat	CT	0.10722386925925535
MIH0423-026s	0.3059	MIH0423	C	MIH	CT	CT_spat	CT	0.32150280113522467
MIH0423-027s	0.2358	MIH0423	C	MIH	CT	CT_spat	CT	0.24754439087178082
MIH0423-028s	0.3372	MIH0423	C	MIH	CT	CT_spat	CT	0.3545256005823829
MIH0423-029s	0.1915	MIH0423	C	MIH	CT	CT_spat	CT	0.20080605171813512
MIH0423-030s	0.2994	MIH0423	C	MIH	CT	CT_spat	CT	0.31464503128198096
MIH0423-031s	0.2997	MIH0423	C	MIH	CT	CT_spat	CT	0.31496154373674606
MIH0423-032s	0.1592	MIH0423	C	MIH	CT	CT_spat	CT	0.16672821075509323
MIH0423-033s	0.2154	MIH0423	C	MIH	CT	CT_spat	CT	0.22602154394775437
MIH0423-034s	0.2718	MIH0423	C	MIH	CT	CT_spat	CT	0.2855258854435922
MIH0423-035s	0.1507	MIH0423	C	MIH	CT	CT_spat	CT	0.1577603578700822
MIH0423-036s	0.1279	MIH0423	C	MIH	CT	CT_spat	CT	0.13370541130793498
MIH0423-037s	0.1506	MIH0423	C	MIH	CT	CT_spat	CT	0.15765485371849383
MIH0423-038s	0.1259	MIH0423	C	MIH	CT	CT_spat	CT	0.13159532827616768
MIH0423-039s	0.4207	MIH0423	C	MIH	CT	CT_spat	CT	0.44262156715866774
MIH0423-040s	0.1762	MIH0423	C	MIH	CT	CT_spat	CT	0.18466391652511527
MIH0423-041s	0.2294	MIH0423	C	MIH	CT	CT_spat	CT	0.24079212517012544
MIH0423-042s	0.173	MIH0423	C	MIH	CT	CT_spat	CT	0.18128778367428758
MCK0423-001s	0.1157	MCK0423	C	MCK	CT	CT_spat	CT	0.12083390481415443
MCK0423-002s	0.1898	MCK0423	C	MCK	CT	CT_spat	CT	0.1990124811411329
MCK0423-003s	0.0603	MCK0423	C	MCK	CT	CT_spat	CT	0.06238460483420023
MCK0423-004s	0.2187	MCK0423	C	MCK	CT	CT_spat	CT	0.22950318095017042
MCK0423-005s	0.1281	MCK0423	C	MCK	CT	CT_spat	CT	0.1339164196111117
MCK0423-006s	0.1585	MCK0423	C	MCK	CT	CT_spat	CT	0.16598968169397466
MCK0423-007s	0.2114	MCK0423	C	MCK	CT	CT_spat	CT	0.22180137788421975
MCK0423-008s	0.195	MCK0423	C	MCK	CT	CT_spat	CT	0.2044986970237279
MCK0423-009s	0.1893	MCK0423	C	MCK	CT	CT_spat	CT	0.19848496038319108
MCK0423-010s	0.2602	MCK0423	C	MCK	CT	CT_spat	CT	0.27328740385934186
MCK0423-011s	0.2108	MCK0423	C	MCK	CT	CT_spat	CT	0.22116835297468954
MCK0423-012s	0.2004	MCK0423	C	MCK	CT	CT_spat	CT	0.2101959212094996
MCK0423-013s	0.1623	MCK0423	C	MCK	CT	CT_spat	CT	0.16999883945433253
MCK0423-014s	0.2196	MCK0423	C	MCK	CT	CT_spat	CT	0.23045271831446568
MCK0423-015s	0.2234	MCK0423	C	MCK	CT	CT_spat	CT	0.23446187607482355
MCK0423-016s	0.2122	MCK0423	C	MCK	CT	CT_spat	CT	0.22264541109692668
MCK0423-017s	0.2124	MCK0423	C	MCK	CT	CT_spat	CT	0.2228564194001034
MCK0423-018s	0.1888	MCK0423	C	MCK	CT	CT_spat	CT	0.19795743962524925
MCK0423-019s	0.203	MCK0423	C	MCK	CT	CT_spat	CT	0.2129390291507971
MCK0423-020s	0.2348	MCK0423	C	MCK	CT	CT_spat	CT	0.24648934935589717
MCK0423-021s	0.2171	MCK0423	C	MCK	CT	CT_spat	CT	0.22781511452475656
MCK0423-022s	0.3096	MCK0423	C	MCK	CT	CT_spat	CT	0.32540645474399416
MCK0423-023s	0.1147	MCK0423	C	MCK	CT	CT_spat	CT	0.11977886329827078
MCK0423-024s	0.1409	MCK0423	C	MCK	CT	CT_spat	CT	0.14742095101442243
MCK0423-025s	0.1277	MCK0423	C	MCK	CT	CT_spat	CT	0.13349440300475826
MCK0423-026s	0.1898	MCK0423	C	MCK	CT	CT_spat	CT	0.1990124811411329
MCK0423-027s	0.1579	MCK0423	C	MCK	CT	CT_spat	CT	0.16535665678444447
MCK0423-028s	0.0624	MCK0423	C	MCK	CT	CT_spat	CT	0.06460019201755589
MCK0423-029s	0.2235	MCK0423	C	MCK	CT	CT_spat	CT	0.2345673802264119
MCK0423-030s	0.1875	MCK0423	C	MCK	CT	CT_spat	CT	0.1965858856546005
MCK0423-031s	0.1594	MCK0423	C	MCK	CT	CT_spat	CT	0.16693921905826994
MCK0423-032s	0.1232	MCK0423	C	MCK	CT	CT_spat	CT	0.12874671618328182
MCK0423-033s	0.141	MCK0423	C	MCK	CT	CT_spat	CT	0.14752645516601076
MCK0423-034s	0.1355	MCK0423	C	MCK	CT	CT_spat	CT	0.14172372682865073
MCK0423-035s	0.2278	MCK0423	C	MCK	CT	CT_spat	CT	0.2391040587447116
MCK0423-036s	0.176	MCK0423	C	MCK	CT	CT_spat	CT	0.18445290822193852
MCK0423-037s	0.15310000000000001	MCK0423	C	MCK	CT	CT_spat	CT	0.16029245750820298
QUR23a-10	0.1965	QUR23a	D	QUR	CT	CT_adult	CT	0.20608125929755336
QUR23a-11	0.2209	QUR23a	D	QUR	CT	CT_adult	CT	0.23182427228511443
QUR23a-12	0.152	QUR23a	D	QUR	CT	CT_adult	CT	0.15913191184073094
QUR23a-13	0.2455	QUR23a	D	QUR	CT	CT_adult	CT	0.2577782935758522
QUR23a-14	0.2396	QUR23a	D	QUR	CT	CT_adult	CT	0.2515535486321387
QUR23a-15	0.3	QUR23a	D	QUR	CT	CT_adult	CT	0.3152780561915111
QUR23a-16	0.2306	QUR23a	D	QUR	CT	CT_adult	CT	0.24205817498918583
QUR23a-17	0.2129	QUR23a	D	QUR	CT	CT_adult	CT	0.22338394015804522
QUR23a-18	0.2388	QUR23a	D	QUR	CT	CT_adult	CT	0.25070951541943176
QUR23a-19	0.1712	QUR23a	D	QUR	CT	CT_adult	CT	0.179388708945697
QUR23a-1	0.3544	QUR23a	D	QUR	CT	CT_adult	CT	0.3726723146555817
QUR23a-20	0.136	QUR23a	D	QUR	CT	CT_adult	CT	0.14225124758659255
QUR23a-22	0.2712	QUR23a	D	QUR	CT	CT_adult	CT	0.28489286053406204
QUR23a-23	0.2633	QUR23a	D	QUR	CT	CT_adult	CT	0.2765580325585812
QUR23a-24	0.3355	QUR23a	D	QUR	CT	CT_adult	CT	0.3527320300053807
QUR23a-25	0.135	QUR23a	D	QUR	CT	CT_adult	CT	0.1411962060707089
QUR23a-26	0.1629	QUR23a	D	QUR	CT	CT_adult	CT	0.1706318643638627
QUR23a-27	0.2243	QUR23a	D	QUR	CT	CT_adult	CT	0.23541141343911884
QUR23a-28	0.2448	QUR23a	D	QUR	CT	CT_adult	CT	0.25703976451473365
QUR23a-29	0.2623	QUR23a	D	QUR	CT	CT_adult	CT	0.27550299104269754
QUR23a-31	0.2344	QUR23a	D	QUR	CT	CT_adult	CT	0.2460673327495437
QUR23a-3	0.1699	QUR23a	D	QUR	CT	CT_adult	CT	0.17801715497504828
QUR23a-4	0.2417	QUR23a	D	QUR	CT	CT_adult	CT	0.2537691358154944
QUR23a-5	0.2289	QUR23a	D	QUR	CT	CT_adult	CT	0.2402646044121836
QUR23a-6	0.2584	QUR23a	D	QUR	CT	CT_adult	CT	0.27138832913075134
QUR23a-7	0.2232	QUR23a	D	QUR	CT	CT_adult	CT	0.23425086777164683
QUR23a-8	0.234	QUR23a	D	QUR	CT	CT_adult	CT	0.24564531614319027
QUR23a-9	0.5635	QUR23a	D	QUR	CT	CT_adult	CT	0.593281495626853
EHF0523-001s	0.2926	EHF0523	C	EHF	CT	CT_spat	CT	0.30747074897397214
EHF0523-002s	0.2452	EHF0523	C	EHF	CT	CT_spat	CT	0.25746178112108714
EHF0523-003s	0.2093	EHF0523	C	EHF	CT	CT_spat	CT	0.2195857907008641
EHF0523-004s	0.2683	EHF0523	C	EHF	CT	CT_spat	CT	0.28183324013799943
EHF0523-005s	0.3218	EHF0523	C	EHF	CT	CT_spat	CT	0.3382779612377747
EHF0523-006s	0.1906	EHF0523	C	EHF	CT	CT_spat	CT	0.19985651435383983
EHF0523-007s	0.2865	EHF0523	C	EHF	CT	CT_spat	CT	0.30103499572708187
EHF0523-008s	0.2405	EHF0523	C	EHF	CT	CT_spat	CT	0.25250308599643395
EHF0523-009s	0.2162	EHF0523	C	EHF	CT	CT_spat	CT	0.22686557716046127
EHF0523-010s	0.1936	EHF0523	C	EHF	CT	CT_spat	CT	0.20302163890149078
EHF0523-011s	0.2342	EHF0523	C	EHF	CT	CT_spat	CT	0.24585632444636696
EHF0523-012s	0.3868	EHF0523	C	EHF	CT	CT_spat	CT	0.40685565977021193
EHF0523-013s	0.2023	EHF0523	C	EHF	CT	CT_spat	CT	0.21220050008967856
EHF0523-014s	0.3306	EHF0523	C	EHF	CT	CT_spat	CT	0.3475623265775509
EHF0523-015s	0.2689	EHF0523	C	EHF	CT	CT_spat	CT	0.2824662650475296
EHF0523-016s	0.2407	EHF0523	C	EHF	CT	CT_spat	CT	0.25271409429961067
EHF0523-017s	0.1811	EHF0523	C	EHF	CT	CT_spat	CT	0.18983361995294518
EHF0523-018s	0.2187	EHF0523	C	EHF	CT	CT_spat	CT	0.22950318095017042
EHF0523-019s	0.191	EHF0523	C	EHF	CT	CT_spat	CT	0.2002785309601933
EHF0523-020s	0.2781	EHF0523	C	EHF	CT	CT_spat	CT	0.29217264699365925
EHF0523-021s	0.3085	EHF0523	C	EHF	CT	CT_spat	CT	0.3242459090765222
EHF0523-022s	0.2472	EHF0523	C	EHF	CT	CT_spat	CT	0.25957186415285444
EHF0523-023s	0.2639	EHF0523	C	EHF	CT	CT_spat	CT	0.2771910574681114
EHF0523-024s	0.1904	EHF0523	C	EHF	CT	CT_spat	CT	0.1996455060506631
EHF0523-025s	0.3472	EHF0523	C	EHF	CT	CT_spat	CT	0.36507601574121945
EHF0523-026s	0.3086	EHF0523	C	EHF	CT	CT_spat	CT	0.3243514132281105
EHF0523-027s	0.1897	EHF0523	C	EHF	CT	CT_spat	CT	0.19890697698954454
EHF0523-028s	0.1984	EHF0523	C	EHF	CT	CT_spat	CT	0.2080858381777323
EHF0523-029s	0.2489	EHF0523	C	EHF	CT	CT_spat	CT	0.2613654347298566
EHF0523-030s	0.3276	EHF0523	C	EHF	CT	CT_spat	CT	0.3443972020298999
EHF0523-031s	0.21560000000000001	EHF0523	C	EHF	CT	CT_spat	CT	0.22623255225093108
EHF0523-032s	0.3412	EHF0523	C	EHF	CT	CT_spat	CT	0.3587457666459175
EHF0523-033s	0.4935	EHF0523	C	EHF	CT	CT_spat	CT	0.5194285895149975
EHF0523-034s	0.2051	EHF0523	C	EHF	CT	CT_spat	CT	0.21515461633415275
EHF0523-035s	0.3083	EHF0523	C	EHF	CT	CT_spat	CT	0.32403490077334546
EHF0523-036s	0.1388	EHF0523	C	EHF	CT	CT_spat	CT	0.14520536383106677
EHF0523-037s	0.4061	EHF0523	C	EHF	CT	CT_spat	CT	0.42721796102676646
EHF0523-038s	0.1786	EHF0523	C	EHF	CT	CT_spat	CT	0.18719601616323603
EHF0523-039s	0.2172	EHF0523	C	EHF	CT	CT_spat	CT	0.22792061867634492
EHF0523-040s	0.2094	EHF0523	C	EHF	CT	CT_spat	CT	0.21969129485245245
EHF0523-041s	0.2046	EHF0523	C	EHF	CT	CT_spat	CT	0.21462709557621093
EHF0523-042s	0.2594	EHF0523	C	EHF	CT	CT_spat	CT	0.272443370646635
EHF0523-043s	0.2211	EHF0523	C	EHF	CT	CT_spat	CT	0.23203528058829115
EHF0523-044s	0.2183	EHF0523	C	EHF	CT	CT_spat	CT	0.22908116434381692
EHF0523-045s	0.2331	EHF0523	C	EHF	CT	CT_spat	CT	0.24469577877889495
EHF0523-046s	0.2547	EHF0523	C	EHF	CT	CT_spat	CT	0.2674846755219818
EHF0523-047s	0.2205	EHF0523	C	EHF	CT	CT_spat	CT	0.23140225567876097
EHF0523-048s	0.2483	EHF0523	C	EHF	CT	CT_spat	CT	0.2607324098203264
EHF0523-050s	0.2116	EHF0523	C	EHF	CT	CT_spat	CT	0.2220123861873965
EHF23a-10	0.1917	EHF23a	D	EHF	CT	CT_adult	CT	0.20101706002131187
EHF23a-11	0.2966	EHF23a	D	EHF	CT	CT_adult	CT	0.31169091503750673
EHF23a-12	0.4223	EHF23a	D	EHF	CT	CT_adult	CT	0.44430963358408154
EHF23a-13	0.1513	EHF23a	D	EHF	CT	CT_adult	CT	0.15839338277961237
EHF23a-14	0.1786	EHF23a	D	EHF	CT	CT_adult	CT	0.18719601616323603
EHF23a-15	0.4758	EHF23a	D	EHF	CT	CT_adult	CT	0.5007543546838569
EHF23a-16	0.1973	EHF23a	D	EHF	CT	CT_adult	CT	0.2069252925102603
EHF23a-17	0.3148	EHF23a	D	EHF	CT	CT_adult	CT	0.33089267062658917
EHF23a-18	0.1421	EHF23a	D	EHF	CT	CT_adult	CT	0.1486870008334828
EHF23a-19	0.2095	EHF23a	D	EHF	CT	CT_adult	CT	0.2197967990040408
EHF23a-20	0.3204	EHF23a	D	EHF	CT	CT_adult	CT	0.3368009031155376
EHF23a-21	0.3032	EHF23a	D	EHF	CT	CT_adult	CT	0.31865418904233883
EHF23a-22	0.3561	EHF23a	D	EHF	CT	CT_adult	CT	0.37446588523258395
EHF23a-23	0.2188	EHF23a	D	EHF	CT	CT_adult	CT	0.22960868510175875
EHF23a-24	0.2196	EHF23a	D	EHF	CT	CT_adult	CT	0.23045271831446568
EHF23a-25	0.3267	EHF23a	D	EHF	CT	CT_adult	CT	0.3434476646656046
EHF23a-26	0.2885	EHF23a	D	EHF	CT	CT_adult	CT	0.30314507875884916
EHF23a-27	0.2164	EHF23a	D	EHF	CT	CT_adult	CT	0.22707658546363801
EHF23a-28	0.2496	EHF23a	D	EHF	CT	CT_adult	CT	0.26210396379097517
EHF23a-29	0.3801	EHF23a	D	EHF	CT	CT_adult	CT	0.3997868816137915
EHF23a-30	0.2704	EHF23a	D	EHF	CT	CT_adult	CT	0.28404882732135506
EHF23a-31	0.2351	EHF23a	D	EHF	CT	CT_adult	CT	0.24680586181066227
EHF23a-32	0.21	EHF23a	D	EHF	CT	CT_adult	CT	0.22032431976198263
EHF23a-33	0.2331	EHF23a	D	EHF	CT	CT_adult	CT	0.24469577877889495
EHF23a-34	0.214	EHF23a	D	EHF	CT	CT_adult	CT	0.22454448582551723
EHF23a-35	0.2163	EHF23a	D	EHF	CT	CT_adult	CT	0.22697108131204963
EHF23a-36	0.1844	EHF23a	D	EHF	CT	CT_adult	CT	0.1933152569553612
EHF23a-37	0.209	EHF23a	D	EHF	CT	CT_adult	CT	0.219269278246099
EHF23a-38	0.2084	EHF23a	D	EHF	CT	CT_adult	CT	0.2186362533365688
EHF23a-39	0.2424	EHF23a	D	EHF	CT	CT_adult	CT	0.2545076648766129
EHF23a-3	0.3362	EHF23a	D	EHF	CT	CT_adult	CT	0.35347055906649927
EHF23a-40	0.2196	EHF23a	D	EHF	CT	CT_adult	CT	0.23045271831446568
EHF23a-41	0.1197	EHF23a	D	EHF	CT	CT_adult	CT	0.12505407087768905
EHF23a-42	0.1598	EHF23a	D	EHF	CT	CT_adult	CT	0.1673612356646234
EHF23a-4	0.1747	EHF23a	D	EHF	CT	CT_adult	CT	0.1830813542512898
EHF23a-5	0.175	EHF23a	D	EHF	CT	CT_adult	CT	0.18339786670605487
EHF23a-6	0.2132	EHF23a	D	EHF	CT	CT_adult	CT	0.22370045261281032
EHF23a-7	0.2507	EHF23a	D	EHF	CT	CT_adult	CT	0.26326450945844715
EHF23a-8	0.2569	EHF23a	D	EHF	CT	CT_adult	CT	0.26980576685692587
EHF23a-9	0.1917	EHF23a	D	EHF	CT	CT_adult	CT	0.20101706002131187
Cv5785-01	0.3947	Cv5785	C	Cv5785	CT	CT_adult	CT	0.4151904877456928
Cv5785-02	0.1218	Cv5785	C	Cv5785	CT	CT_adult	CT	0.1272696580610447
Cv5785-03	0.1649	Cv5785	C	Cv5785	CT	CT_adult	CT	0.17274194739563
Cv5785-04	0.1984	Cv5785	C	Cv5785	CT	CT_adult	CT	0.2080858381777323
Cv5785-05	0.2779	Cv5785	C	Cv5785	CT	CT_adult	CT	0.2919616386904825
Cv5785-06	0.1607	Cv5785	C	Cv5785	CT	CT_adult	CT	0.1683107730289187
Cv5785-07	0.2091	Cv5785	C	Cv5785	CT	CT_adult	CT	0.21937478239768737
Cv5785-08	0.1935	Cv5785	C	Cv5785	CT	CT_adult	CT	0.20291613474990242
Cv5785-09	0.1201	Cv5785	C	Cv5785	CT	CT_adult	CT	0.1254760874840425
Cv5785-10	0.2241	Cv5785	C	Cv5785	CT	CT_adult	CT	0.2352004051359421
Cv5785-11	0.2248	Cv5785	C	Cv5785	CT	CT_adult	CT	0.23593893419706066
Cv5785-12	0.2104	Cv5785	C	Cv5785	CT	CT_adult	CT	0.2207463363683361
Cv5785-13	0.1809	Cv5785	C	Cv5785	CT	CT_adult	CT	0.18962261164976843
Cv5785-14	0.1879	Cv5785	C	Cv5785	CT	CT_adult	CT	0.197007902260954
Cv5785-15	0.1532	Cv5785	C	Cv5785	CT	CT_adult	CT	0.1603979616597913
Cv5785-16	0.2656	Cv5785	C	Cv5785	CT	CT_adult	CT	0.2789846280451136
Cv5785-17	0.1636	Cv5785	C	Cv5785	CT	CT_adult	CT	0.17137039342498128
Cv5785-18	0.2202	Cv5785	C	Cv5785	CT	CT_adult	CT	0.2310857432239959
Cv5785-19	0.194	Cv5785	C	Cv5785	CT	CT_adult	CT	0.20344365550784424
Cv5785-20	0.3827	Cv5785	C	Cv5785	CT	CT_adult	CT	0.402529989555089
Cv5785-21	0.1731	Cv5785	C	Cv5785	CT	CT_adult	CT	0.18139328782587597
Cv5785-22	0.2216	Cv5785	C	Cv5785	CT	CT_adult	CT	0.23256280134623297
Cv5785-23	0.2201	Cv5785	C	Cv5785	CT	CT_adult	CT	0.2309802390724075
Cv5785-24	0.0912	Cv5785	C	Cv5785	CT	CT_adult	CT	0.09498538767500501
Cv5785-25	0.1971	Cv5785	C	Cv5785	CT	CT_adult	CT	0.20671428420708354
Cv5785-26	0.1485	Cv5785	C	Cv5785	CT	CT_adult	CT	0.15543926653513815
Cv5785-27	0.157	Cv5785	C	Cv5785	CT	CT_adult	CT	0.16440711942014918
Cv5785-28	0.1302	Cv5785	C	Cv5785	CT	CT_adult	CT	0.13613200679446738
Cv5785-29	0.147	Cv5785	C	Cv5785	CT	CT_adult	CT	0.15385670426131268
Cv5785-30	0.4387	Cv5785	C	Cv5785	CT	CT_adult	CT	0.4616123144445734
JAC0523-001s	0.2139	JAC0523	C	JAC	CT	CT_spat	CT	0.2244389816739289
JAC0523-002s	0.2554	JAC0523	C	JAC	CT	CT_spat	CT	0.2682232045831004
JAC0523-003s	0.225	JAC0523	C	JAC	CT	CT_spat	CT	0.2361499425002374
JAC0523-004s	0.2215	JAC0523	C	JAC	CT	CT_spat	CT	0.2324572971946446
JAC0523-005s	0.2695	JAC0523	C	JAC	CT	CT_spat	CT	0.28309928995705985
JAC0523-006s	0.3152	JAC0523	C	JAC	CT	CT_spat	CT	0.3313146872329426
JAC0523-007s	0.2665	JAC0523	C	JAC	CT	CT_spat	CT	0.2799341654094089
JAC0523-008s	0.2382	JAC0523	C	JAC	CT	CT_spat	CT	0.25007649050990155
JAC0523-009s	0.2652	JAC0523	C	JAC	CT	CT_spat	CT	0.2785626114387601
JAC0523-010s	0.2487	JAC0523	C	JAC	CT	CT_spat	CT	0.2611544264266799
JAC0523-011s	0.2315	JAC0523	C	JAC	CT	CT_spat	CT	0.24300771235348112
JAC0523-012s	0.2801	JAC0523	C	JAC	CT	CT_spat	CT	0.29428273002542654
JAC0523-013s	0.2988	JAC0523	C	JAC	CT	CT_spat	CT	0.3140120063724508
JAC0523-014s	0.2316	JAC0523	C	JAC	CT	CT_spat	CT	0.24311321650506948
JAC0523-015s	0.2522	JAC0523	C	JAC	CT	CT_spat	CT	0.2648470717322727
JAC0523-016s	0.3073	JAC0523	C	JAC	CT	CT_spat	CT	0.3229798592574618
JAC0523-017s	0.1719	JAC0523	C	JAC	CT	CT_spat	CT	0.18012723800681557
JAC0523-018s	0.3849	JAC0523	C	JAC	CT	CT_spat	CT	0.4048510808900331
JAC0523-019s	0.2254	JAC0523	C	JAC	CT	CT_spat	CT	0.23657195910659085
JAC0523-020s	0.322	JAC0523	C	JAC	CT	CT_spat	CT	0.3384889695409515
JAC0523-021s	0.2602	JAC0523	C	JAC	CT	CT_spat	CT	0.27328740385934186
JAC0523-022s	0.2247	JAC0523	C	JAC	CT	CT_spat	CT	0.2358334300454723
JAC0523-023s	0.2917	JAC0523	C	JAC	CT	CT_spat	CT	0.3065212116096769
JAC0523-024s	0.1835	JAC0523	C	JAC	CT	CT_spat	CT	0.1923657195910659
JAC0523-025s	0.2393	JAC0523	C	JAC	CT	CT_spat	CT	0.2512370361773736
JAC0523-026s	0.2684	JAC0523	C	JAC	CT	CT_spat	CT	0.2819387442895878
JAC0523-027s	0.2759	JAC0523	C	JAC	CT	CT_spat	CT	0.2898515556587152
JAC0523-028s	0.1933	JAC0523	C	JAC	CT	CT_spat	CT	0.2027051264467257
JAC0523-029s	0.3421	JAC0523	C	JAC	CT	CT_spat	CT	0.3596953040102128
JAC0523-030s	0.1775	JAC0523	C	JAC	CT	CT_spat	CT	0.186035470495764
JAC0523-031s	0.1922	JAC0523	C	JAC	CT	CT_spat	CT	0.2015445807792537
JAC0523-032s	0.2836	JAC0523	C	JAC	CT	CT_spat	CT	0.2979753753310193
JAC0523-033s	0.2836	JAC0523	C	JAC	CT	CT_spat	CT	0.2979753753310193
JAC0523-034s	0.1878	JAC0523	C	JAC	CT	CT_spat	CT	0.1969023981093656
JAC0523-035s	0.3588	JAC0523	C	JAC	CT	CT_spat	CT	0.3773144973254698
JAC0523-036s	0.2031	JAC0523	C	JAC	CT	CT_spat	CT	0.21304453330238546
JAC0523-037s	0.3198	JAC0523	C	JAC	CT	CT_spat	CT	0.3361678782060074
JAC0523-038s	0.2011	JAC0523	C	JAC	CT	CT_spat	CT	0.21093445027061816
JAC0523-039s	0.2697	JAC0523	C	JAC	CT	CT_spat	CT	0.28331029826023657
JAC0523-041s	0.2417	JAC0523	C	JAC	CT	CT_spat	CT	0.2537691358154944
JAC0523-042s	0.2185	JAC0523	C	JAC	CT	CT_spat	CT	0.22929217264699367
JAC0523-043s	0.2644	JAC0523	C	JAC	CT	CT_spat	CT	0.2777185782260532
JAC0523-044s	0.2191	JAC0523	C	JAC	CT	CT_spat	CT	0.22992519755652385
JAC0523-045s	0.2295	JAC0523	C	JAC	CT	CT_spat	CT	0.24089762932171382
JAC0523-046s	0.3085	JAC0523	C	JAC	CT	CT_spat	CT	0.3242459090765222
JAC0523-047s	0.2581	JAC0523	C	JAC	CT	CT_spat	CT	0.27107181667598623
JAC0523-048s	0.2085	JAC0523	C	JAC	CT	CT_spat	CT	0.21874175748815716
JAC0523-049s	0.1674	JAC0523	C	JAC	CT	CT_spat	CT	0.17537955118533913
JAC0523-050s	0.2018	JAC0523	C	JAC	CT	CT_spat	CT	0.2116729793317367
JAC23a-10	0.1563	JAC23a	D	JAC	CT	CT_adult	CT	0.1636685903590306
JAC23a-11	0.2342	JAC23a	D	JAC	CT	CT_adult	CT	0.24585632444636696
JAC23a-12	0.2702	JAC23a	D	JAC	CT	CT_adult	CT	0.2838378190181784
JAC23a-13	0.2073	JAC23a	D	JAC	CT	CT_adult	CT	0.2174757076690968
JAC23a-14	0.2693	JAC23a	D	JAC	CT	CT_adult	CT	0.2828882816538831
JAC23a-16	0.5225	JAC23a	D	JAC	CT	CT_adult	CT	0.5500247934756233
JAC23a-17	0.1262	JAC23a	D	JAC	CT	CT_adult	CT	0.13191184073093276
JAC23a-18	0.362	JAC23a	D	JAC	CT	CT_adult	CT	0.38069063017629745
JAC23a-19	0.2237	JAC23a	D	JAC	CT	CT_adult	CT	0.23477838852958866
JAC23a-20	0.2645	JAC23a	D	JAC	CT	CT_adult	CT	0.27782408237764156
JAC23a-21	0.2186	JAC23a	D	JAC	CT	CT_adult	CT	0.22939767679858203
JAC23a-23	0.2835	JAC23a	D	JAC	CT	CT_adult	CT	0.29786987117943087
JAC23a-24	0.2836	JAC23a	D	JAC	CT	CT_adult	CT	0.2979753753310193
JAC23a-25	0.2386	JAC23a	D	JAC	CT	CT_adult	CT	0.25049850711625504
JAC23a-26	0.3417	JAC23a	D	JAC	CT	CT_adult	CT	0.3592732874038594
JAC23a-27	0.2048	JAC23a	D	JAC	CT	CT_adult	CT	0.21483810387938768
JAC23a-28	0.166	JAC23a	D	JAC	CT	CT_adult	CT	0.17390249306310204
JAC23a-29	0.1731	JAC23a	D	JAC	CT	CT_adult	CT	0.18139328782587597
JAC23a-30	0.2508	JAC23a	D	JAC	CT	CT_adult	CT	0.2633700136100356
JAC23a-31	0.2038	JAC23a	D	JAC	CT	CT_adult	CT	0.21378306236350403
JAC23a-32	0.2271	JAC23a	D	JAC	CT	CT_adult	CT	0.23836552968359306
JAC23a-33	0.2305	JAC23a	D	JAC	CT	CT_adult	CT	0.24195267083759747
JAC23a-34	0.1544	JAC23a	D	JAC	CT	CT_adult	CT	0.1616640114788517
JAC23a-35	0.1646	JAC23a	D	JAC	CT	CT_adult	CT	0.17242543494086493
JAC23a-36	0.2494	JAC23a	D	JAC	CT	CT_adult	CT	0.26189295548779845
JAC23a-37	0.24	JAC23a	D	JAC	CT	CT_adult	CT	0.2519755652384921
JAC23a-38	0.2046	JAC23a	D	JAC	CT	CT_adult	CT	0.21462709557621093
JAC23a-39	0.1642	JAC23a	D	JAC	CT	CT_adult	CT	0.1720034183345115
JAC23a-40	0.4603	JAC23a	D	JAC	CT	CT_adult	CT	0.4844012111876602
JAC23a-41	0.2698	JAC23a	D	JAC	CT	CT_adult	CT	0.2834158024118249
JAC23a-42	0.5675	JAC23a	D	JAC	CT	CT_adult	CT	0.5975016616903875
JAC23a-43	0.2133	JAC23a	D	JAC	CT	CT_adult	CT	0.22380595676439868
JAC23a-7	0.1892	JAC23a	D	JAC	CT	CT_adult	CT	0.19837945623160272
JAC23a-8	0.1847	JAC23a	D	JAC	CT	CT_adult	CT	0.1936317694101263
JAC23a-9	0.2317	JAC23a	D	JAC	CT	CT_adult	CT	0.24321872065665784
HDC0523-001s	0.3714	HDC0523	C	HDC	CT	CT_spat	CT	0.3906080204256038
HDC0523-002s	0.2186	HDC0523	C	HDC	CT	CT_spat	CT	0.22939767679858203
HDC0523-003s	0.2328	HDC0523	C	HDC	CT	CT_spat	CT	0.24437926632412987
HDC0523-004s	0.2697	HDC0523	C	HDC	CT	CT_spat	CT	0.28331029826023657
HDC0523-005s	0.2146	HDC0523	C	HDC	CT	CT_spat	CT	0.22517751073504744
HDC0523-006s	0.3047	HDC0523	C	HDC	CT	CT_spat	CT	0.32023675131616436
HDC0523-007s	0.2066	HDC0523	C	HDC	CT	CT_spat	CT	0.21673717860797823
HDC0523-008s	0.387	HDC0523	C	HDC	CT	CT_spat	CT	0.4070666680733887
HDC0523-009s	0.2432	HDC0523	C	HDC	CT	CT_spat	CT	0.25535169808931985
HDC0523-010s	0.2028	HDC0523	C	HDC	CT	CT_spat	CT	0.21272802084762038
HDC0523-011s	0.1736	HDC0523	C	HDC	CT	CT_spat	CT	0.1819208085838178
HDC0523-012s	0.3107	HDC0523	C	HDC	CT	CT_spat	CT	0.3265670004114662
HDC0523-013s	0.1606	HDC0523	C	HDC	CT	CT_spat	CT	0.1682052688773303
HDC0523-014s	0.2434	HDC0523	C	HDC	CT	CT_spat	CT	0.25556270639249656
HDC0523-015s	0.2106	HDC0523	C	HDC	CT	CT_spat	CT	0.22095734467151285
HDC0523-016s	0.3105	HDC0523	C	HDC	CT	CT_spat	CT	0.32635599210828947
HDC0523-017s	0.3801	HDC0523	C	HDC	CT	CT_spat	CT	0.3997868816137915
HDC0523-018s	0.2031	HDC0523	C	HDC	CT	CT_spat	CT	0.21304453330238546
HDC0523-019s	0.194	HDC0523	C	HDC	CT	CT_spat	CT	0.20344365550784424
HDC0523-020s	0.1627	HDC0523	C	HDC	CT	CT_spat	CT	0.170420856060686
HDC0523-021s	0.2305	HDC0523	C	HDC	CT	CT_spat	CT	0.24195267083759747
HDC0523-022s	0.2664	HDC0523	C	HDC	CT	CT_spat	CT	0.2798286612578205
HDC0523-023s	0.404	HDC0523	C	HDC	CT	CT_spat	CT	0.4250023738434108
HDC0523-024s	0.2686	HDC0523	C	HDC	CT	CT_spat	CT	0.28214975259276454
HDC0523-025s	0.2925	HDC0523	C	HDC	CT	CT_spat	CT	0.30736524482238375
HDC0523-026s	0.2474	HDC0523	C	HDC	CT	CT_spat	CT	0.25978287245603116
HDC0523-027s	0.2595	HDC0523	C	HDC	CT	CT_spat	CT	0.2725488747982233
HDC0523-028s	0.2837	HDC0523	C	HDC	CT	CT_spat	CT	0.29808087948260764
HDC0523-029s	0.2619	HDC0523	C	HDC	CT	CT_spat	CT	0.2750809744363441
HDC0523-030s	0.2847	HDC0523	C	HDC	CT	CT_spat	CT	0.2991359209984913
HDC0523-031s	0.2489	HDC0523	C	HDC	CT	CT_spat	CT	0.2613654347298566
HDC0523-032s	0.1663	HDC0523	C	HDC	CT	CT_spat	CT	0.17421900551786715
HDC0523-033s	0.3132	HDC0523	C	HDC	CT	CT_spat	CT	0.3292046042011753
HDC0523-034s	0.1806	HDC0523	C	HDC	CT	CT_spat	CT	0.18930609919500335
HDC0523-035s	0.2019	HDC0523	C	HDC	CT	CT_spat	CT	0.21177848348332506
HDC0523-036s	0.2389	HDC0523	C	HDC	CT	CT_spat	CT	0.25081501957102015
HDC0523-037s	0.201	HDC0523	C	HDC	CT	CT_spat	CT	0.2108289461190298
HDC0523-039s	0.2189	HDC0523	C	HDC	CT	CT_spat	CT	0.22971418925334713
HDC0523-040s	0.3158	HDC0523	C	HDC	CT	CT_spat	CT	0.3319477121424729
HDC0523-041s	0.2161	HDC0523	C	HDC	CT	CT_spat	CT	0.22676007300887288
HDC0523-042s	0.3305	HDC0523	C	HDC	CT	CT_spat	CT	0.3474568224259625
HDC0523-043s	0.2635	HDC0523	C	HDC	CT	CT_spat	CT	0.2767690408617579
HDC0523-044s	0.3268	HDC0523	C	HDC	CT	CT_spat	CT	0.34355316881719294
HDC0523-045s	0.2964	HDC0523	C	HDC	CT	CT_spat	CT	0.31147990673433
HDC0523-046s	0.2261	HDC0523	C	HDC	CT	CT_spat	CT	0.23731048816770942
HDC0523-047s	0.263	HDC0523	C	HDC	CT	CT_spat	CT	0.2762415201038161
HDC0523-048s	0.2695	HDC0523	C	HDC	CT	CT_spat	CT	0.28309928995705985
HDC0523-049s	0.2399	HDC0523	C	HDC	CT	CT_spat	CT	0.2518700610869038
HDC0523-050s	0.319	HDC0523	C	HDC	CT	CT_spat	CT	0.3353238449933005
HDC23a-10	0.1819	HDC23a	D	HDC	CT	CT_adult	CT	0.19067765316565208
HDC23a-11	0.244	HDC23a	D	HDC	CT	CT_adult	CT	0.2561957313020267
HDC23a-12	0.2054	HDC23a	D	HDC	CT	CT_adult	CT	0.21547112878891786
HDC23a-13	0.3278	HDC23a	D	HDC	CT	CT_adult	CT	0.3446082103330766
HDC23a-14	0.3236	HDC23a	D	HDC	CT	CT_adult	CT	0.3401770359663653
HDC23a-15	0.2016	HDC23a	D	HDC	CT	CT_adult	CT	0.21146197102856
HDC23a-16	0.2303	HDC23a	D	HDC	CT	CT_adult	CT	0.24174166253442075
HDC23a-17	0.2165	HDC23a	D	HDC	CT	CT_adult	CT	0.22718208961522637
HDC23a-18	0.2941	HDC23a	D	HDC	CT	CT_adult	CT	0.30905331124779756
HDC23a-19	0.2477	HDC23a	D	HDC	CT	CT_adult	CT	0.26009938491079626
HDC23a-1	0.2561	HDC23a	D	HDC	CT	CT_adult	CT	0.2689617336442189
HDC23a-20	0.3093	HDC23a	D	HDC	CT	CT_adult	CT	0.3250899422892291
HDC23a-21	0.2237	HDC23a	D	HDC	CT	CT_adult	CT	0.23477838852958866
HDC23a-22	0.1888	HDC23a	D	HDC	CT	CT_adult	CT	0.19795743962524925
HDC23a-23	0.3006	HDC23a	D	HDC	CT	CT_adult	CT	0.3159110811010413
HDC23a-24	0.1523	HDC23a	D	HDC	CT	CT_adult	CT	0.15944842429549602
HDC23a-25	0.2183	HDC23a	D	HDC	CT	CT_adult	CT	0.22908116434381692
HDC23a-26	0.3253	HDC23a	D	HDC	CT	CT_adult	CT	0.3419706065433675
HDC23a-27	0.2878	HDC23a	D	HDC	CT	CT_adult	CT	0.3024065496977306
HDC23a-28	0.1429	HDC23a	D	HDC	CT	CT_adult	CT	0.14953103404618973
HDC23a-29	0.33	HDC23a	D	HDC	CT	CT_adult	CT	0.34692930166802066
HDC23a-2	0.1791	HDC23a	D	HDC	CT	CT_adult	CT	0.18772353692117785
HDC23a-30	0.3751	HDC23a	D	HDC	CT	CT_adult	CT	0.39451167403437326
HDC23a-31	0.2459	HDC23a	D	HDC	CT	CT_adult	CT	0.2582003101822057
HDC23a-32	0.1434	HDC23a	D	HDC	CT	CT_adult	CT	0.15005855480413155
HDC23a-33	0.2493	HDC23a	D	HDC	CT	CT_adult	CT	0.26178745133621006
HDC23a-34	0.2739	HDC23a	D	HDC	CT	CT_adult	CT	0.2877414726269479
HDC23a-35	0.2982	HDC23a	D	HDC	CT	CT_adult	CT	0.3133789814629206
HDC23a-36	0.3229	HDC23a	D	HDC	CT	CT_adult	CT	0.33943850690524674
HDC23a-37	0.1799	HDC23a	D	HDC	CT	CT_adult	CT	0.18856757013388478
HDC23a-38	0.283	HDC23a	D	HDC	CT	CT_adult	CT	0.29734235042148904
HDC23a-39	0.2974	HDC23a	D	HDC	CT	CT_adult	CT	0.31253494825021366
HDC23a-3	0.2125	HDC23a	D	HDC	CT	CT_adult	CT	0.22296192355169175
HDC23a-40	0.1546	HDC23a	D	HDC	CT	CT_adult	CT	0.16187501978202842
HDC23a-4	0.2541	HDC23a	D	HDC	CT	CT_adult	CT	0.2668516506124516
HDC23a-5	0.2243	HDC23a	D	HDC	CT	CT_adult	CT	0.23541141343911884
HDC23a-6	0.1512	HDC23a	D	HDC	CT	CT_adult	CT	0.15828787862802401
HDC23a-7	0.1519	HDC23a	D	HDC	CT	CT_adult	CT	0.15902640768914258
HDC23a-8	0.238	HDC23a	D	HDC	CT	CT_adult	CT	0.24986548220672483
HDC23a-9	0.2167	HDC23a	D	HDC	CT	CT_adult	CT	0.2273930979184031
FEC0423-001s	0.4154	FEC0423	C	FEC	CT	CT_spat	CT	0.43702984712448434
FEC0423-002s	0.2288	FEC0423	C	FEC	CT	CT_spat	CT	0.24015910026059525
FEC0423-003s	0.4655	FEC0423	C	FEC	CT	CT_spat	CT	0.4898874270702553
FEC0423-004s	0.2304	FEC0423	C	FEC	CT	CT_spat	CT	0.24184716668600909
FEC0423-005s	0.2058	FEC0423	C	FEC	CT	CT_spat	CT	0.21589314539527132
FEC0423-006s	0.2693	FEC0423	C	FEC	CT	CT_spat	CT	0.2828882816538831
FEC0423-007s	0.1855	FEC0423	C	FEC	CT	CT_spat	CT	0.1944758026228332
FEC0423-008s	0.3801	FEC0423	C	FEC	CT	CT_spat	CT	0.3997868816137915
FEC0423-009s	0.2017	FEC0423	C	FEC	CT	CT_spat	CT	0.21156747518014835
FEC0423-010s	0.2028	FEC0423	C	FEC	CT	CT_spat	CT	0.21272802084762038
FEC0423-011s	0.1954	FEC0423	C	FEC	CT	CT_spat	CT	0.20492071363008135
FEC0423-012s	0.2075	FEC0423	C	FEC	CT	CT_spat	CT	0.21768671597227351
FEC0423-013s	0.2064	FEC0423	C	FEC	CT	CT_spat	CT	0.2165261703048015
FEC0423-014s	0.3599	FEC0423	C	FEC	CT	CT_spat	CT	0.37847504299294177
FEC0423-015s	0.2126	FEC0423	C	FEC	CT	CT_spat	CT	0.22306742770328014
FEC0423-016s	0.1958	FEC0423	C	FEC	CT	CT_spat	CT	0.20534273023643482
FEC0423-017s	0.2594	FEC0423	C	FEC	CT	CT_spat	CT	0.272443370646635
FEC0423-018s	0.327	FEC0423	C	FEC	CT	CT_spat	CT	0.3437641771203697
FEC0423-019s	0.2749	FEC0423	C	FEC	CT	CT_spat	CT	0.28879651414283153
FEC0423-020s	0.2202	FEC0423	C	FEC	CT	CT_spat	CT	0.2310857432239959
FEC0423-021s	0.2342	FEC0423	C	FEC	CT	CT_spat	CT	0.24585632444636696
FEC0423-022s	0.2207	FEC0423	C	FEC	CT	CT_spat	CT	0.2316132639819377
FEC0423-023s	0.2752	FEC0423	C	FEC	CT	CT_spat	CT	0.28911302659759663
FEC0423-024s	0.2431	FEC0423	C	FEC	CT	CT_spat	CT	0.25524619393773146
FEC0423-025s	0.2651	FEC0423	C	FEC	CT	CT_spat	CT	0.27845710728717177
FEC0423-026s	0.2405	FEC0423	C	FEC	CT	CT_spat	CT	0.25250308599643395
FEC0423-027s	0.1903	FEC0423	C	FEC	CT	CT_spat	CT	0.19954000189907473
FEC0423-028s	0.1827	FEC0423	C	FEC	CT	CT_spat	CT	0.191521686378359
FEC0423-029s	0.2358	FEC0423	C	FEC	CT	CT_spat	CT	0.24754439087178082
FEC0423-030s	0.2368	FEC0423	C	FEC	CT	CT_spat	CT	0.24859943238766447
FEC0423-031s	0.2395	FEC0423	C	FEC	CT	CT_spat	CT	0.2514480444805503
FEC0423-032s	0.2399	FEC0423	C	FEC	CT	CT_spat	CT	0.2518700610869038
FEC0423-033s	0.2422	FEC0423	C	FEC	CT	CT_spat	CT	0.2542966565734362
FEC0423-034s	0.2281	FEC0423	C	FEC	CT	CT_spat	CT	0.2394205711994767
FEC0423-035s	0.1657	FEC0423	C	FEC	CT	CT_spat	CT	0.17358598060833694
FEC0423-036s	0.2342	FEC0423	C	FEC	CT	CT_spat	CT	0.24585632444636696
FEC0423-037s	0.2311	FEC0423	C	FEC	CT	CT_spat	CT	0.24258569574712766
FEC0423-038s	0.2355	FEC0423	C	FEC	CT	CT_spat	CT	0.2472278784170157
FEC0423-039s	0.2111	FEC0423	C	FEC	CT	CT_spat	CT	0.22148486542945467
FEC0423-040s	0.2902	FEC0423	C	FEC	CT	CT_spat	CT	0.3049386493358514
FEC0423-041s	0.4313	FEC0423	C	FEC	CT	CT_spat	CT	0.45380500722703443
FEC0423-042s	0.2252	FEC0423	C	FEC	CT	CT_spat	CT	0.23636095080341413
FEC0423-043s	0.2061	FEC0423	C	FEC	CT	CT_spat	CT	0.2162096578500364
FEC0423-044s	0.2328	FEC0423	C	FEC	CT	CT_spat	CT	0.24437926632412987
FEC0423-045s	0.2503	FEC0423	C	FEC	CT	CT_spat	CT	0.26284249285209377
FEC0423-046s	0.1756	FEC0423	C	FEC	CT	CT_spat	CT	0.18403089161558508
FEC0423-047s	0.2869	FEC0423	C	FEC	CT	CT_spat	CT	0.3014570123334353
FEC0423-048s	0.2879	FEC0423	C	FEC	CT	CT_spat	CT	0.30251205384931895
FEC0423-049s	0.286	FEC0423	C	FEC	CT	CT_spat	CT	0.30050747496914004
FEC0423-050s	0.1671	FEC0423	C	FEC	CT	CT_spat	CT	0.17506303873057405
FEC23a-10	0.3061	FEC23a	D	FEC	CT	CT_adult	CT	0.3217138094384014
FEC23a-11	0.2311	FEC23a	D	FEC	CT	CT_adult	CT	0.24258569574712766
FEC23a-12	0.1998	FEC23a	D	FEC	CT	CT_adult	CT	0.2095628962999694
FEC23a-29	0.2532	FEC23a	D	FEC	CT	CT_adult	CT	0.2659021132481563
FEC23a-30	0.2157	FEC23a	D	FEC	CT	CT_adult	CT	0.22633805640251944
FEC23a-31	0.4814	FEC23a	D	FEC	CT	CT_adult	CT	0.5066625871728052
FEC23a-32	0.3017	FEC23a	D	FEC	CT	CT_adult	CT	0.31707162676851336
FEC23a-33	0.1767	FEC23a	D	FEC	CT	CT_adult	CT	0.1851914372830571
FEC23a-34	0.2849	FEC23a	D	FEC	CT	CT_adult	CT	0.299346929301668
FEC23a-35	0.1521	FEC23a	D	FEC	CT	CT_adult	CT	0.1592374159923193
FEC23a-36	0.2266	FEC23a	D	FEC	CT	CT_adult	CT	0.23783800892565124
FEC23a-37	0.2351	FEC23a	D	FEC	CT	CT_adult	CT	0.24680586181066227
FEC23a-38	0.3747	FEC23a	D	FEC	CT	CT_adult	CT	0.39408965742801977
FEC23a-39	0.2231	FEC23a	D	FEC	CT	CT_adult	CT	0.23414536362005844
FEC23a-40	0.1267	FEC23a	D	FEC	CT	CT_adult	CT	0.13243936148887459
FEC23a-41	0.2705	FEC23a	D	FEC	CT	CT_adult	CT	0.2841543314729435
FEC23a-42	0.1018	FEC23a	D	FEC	CT	CT_adult	CT	0.1061688277433717
FEC23a-43	0.2007	FEC23a	D	FEC	CT	CT_adult	CT	0.2105124336642647
FEC23a-44	0.1821	FEC23a	D	FEC	CT	CT_adult	CT	0.19088866146882882
FEC23a-45	0.2307	FEC23a	D	FEC	CT	CT_adult	CT	0.2421636791407742
FEC23a-46	0.21560000000000001	FEC23a	D	FEC	CT	CT_adult	CT	0.22623255225093108
FEC23a-47	0.1758	FEC23a	D	FEC	CT	CT_adult	CT	0.18424189991876183
FEC23a-48	0.1636	FEC23a	D	FEC	CT	CT_adult	CT	0.17137039342498128
FEC23a-49	0.2076	FEC23a	D	FEC	CT	CT_adult	CT	0.2177922201238619
FEC23a-50	0.2714	FEC23a	D	FEC	CT	CT_adult	CT	0.2851038688372387
FEC23a-51	0.1723	FEC23a	D	FEC	CT	CT_adult	CT	0.18054925461316904
FEC23a-52	0.1643	FEC23a	D	FEC	CT	CT_adult	CT	0.17210892248609982
FEC23a-53	0.1552	FEC23a	D	FEC	CT	CT_adult	CT	0.16250804469155863
FEC23a-54	0.1976	FEC23a	D	FEC	CT	CT_adult	CT	0.20724180496502537
FEC23a-55	0.1802	FEC23a	D	FEC	CT	CT_adult	CT	0.18888408258864986
FEC23a-56	0.2346	FEC23a	D	FEC	CT	CT_adult	CT	0.24627834105272042
FEC23a-57	0.3011	FEC23a	D	FEC	CT	CT_adult	CT	0.31643860185898315
FEC23a-58	0.1896	FEC23a	D	FEC	CT	CT_adult	CT	0.19880147283795616
FEC23a-59	0.1549	FEC23a	D	FEC	CT	CT_adult	CT	0.16219153223679353
FEC23a-5	0.1302	FEC23a	D	FEC	CT	CT_adult	CT	0.13613200679446738
FEC23a-60	0.2063	FEC23a	D	FEC	CT	CT_adult	CT	0.21642066615321315
FEC23a-6	0.2178	FEC23a	D	FEC	CT	CT_adult	CT	0.2285536435858751
FEC23a-7	0.1859	FEC23a	D	FEC	CT	CT_adult	CT	0.1948978192291867
FEC23a-9	0.377	FEC23a	D	FEC	CT	CT_adult	CT	0.3965162529145522
HAM0423-001s	0.1769	HAM0423	C	HAM	CT	CT_spat	CT	0.18540244558623384
HAM0423-002s	0.1886	HAM0423	C	HAM	CT	CT_spat	CT	0.1977464313220725
HAM0423-003s	0.2374	HAM0423	C	HAM	CT	CT_spat	CT	0.24923245729719465
HAM0423-004s	0.1984	HAM0423	C	HAM	CT	CT_spat	CT	0.2080858381777323
HAM0423-005s	0.1013	HAM0423	C	HAM	CT	CT_spat	CT	0.10564130698542988
HAM0423-006s	0.2458	HAM0423	C	HAM	CT	CT_spat	CT	0.2580948060306173
HAM0423-007s	0.1782	HAM0423	C	HAM	CT	CT_spat	CT	0.18677399955688256
HAM0423-008s	0.2472	HAM0423	C	HAM	CT	CT_spat	CT	0.25957186415285444
HAM0423-009s	0.1367	HAM0423	C	HAM	CT	CT_spat	CT	0.14298977664771106
HAM0423-010s	0.1171	HAM0423	C	HAM	CT	CT_spat	CT	0.12231096293639154
HAM0423-011s	0.1031	HAM0423	C	HAM	CT	CT_spat	CT	0.10754038171402044
HAM0423-012s	0.1542	HAM0423	C	HAM	CT	CT_spat	CT	0.16145300317567496
HAM0423-013s	0.2038	HAM0423	C	HAM	CT	CT_spat	CT	0.21378306236350403
HAM0423-014s	0.2436	HAM0423	C	HAM	CT	CT_spat	CT	0.2557737146956733
HAM0423-015s	0.2881	HAM0423	C	HAM	CT	CT_spat	CT	0.3027230621524957
HAM0423-016s	0.3286	HAM0423	C	HAM	CT	CT_spat	CT	0.3454522435457835
HAM0423-017s	0.2102	HAM0423	C	HAM	CT	CT_spat	CT	0.22053532806515938
HAM0423-018s	0.1619	HAM0423	C	HAM	CT	CT_spat	CT	0.16957682284797906
HAM0423-019s	0.2951	HAM0423	C	HAM	CT	CT_spat	CT	0.31010835276368126
HAM0423-020s	0.0862	HAM0423	C	HAM	CT	CT_spat	CT	0.08971018009558676
HAM0423-021s	0.1499	HAM0423	C	HAM	CT	CT_spat	CT	0.1569163246573753
HAM0423-022s	0.1579	HAM0423	C	HAM	CT	CT_spat	CT	0.16535665678444447
HAM0423-023s	0.2998	HAM0423	C	HAM	CT	CT_spat	CT	0.31506704788833445
HAM0423-024s	0.1547	HAM0423	C	HAM	CT	CT_spat	CT	0.16198052393361678
HAM0423-025s	0.1953	HAM0423	C	HAM	CT	CT_spat	CT	0.204815209478493
HAM0423-026s	0.1746	HAM0423	C	HAM	CT	CT_spat	CT	0.18297585009970144
HAM0423-027s	0.1705	HAM0423	C	HAM	CT	CT_spat	CT	0.17865017988457849
HAM0423-028s	0.1802	HAM0423	C	HAM	CT	CT_spat	CT	0.18888408258864986
HAM0423-029s	0.1781	HAM0423	C	HAM	CT	CT_spat	CT	0.1866684954052942
HAM0423-030s	0.2692	HAM0423	C	HAM	CT	CT_spat	CT	0.28278277750229475
HAM0423-031s	0.2222	HAM0423	C	HAM	CT	CT_spat	CT	0.23319582625576318
HAM0423-032s	0.2706	HAM0423	C	HAM	CT	CT_spat	CT	0.28425983562453183
HAM0423-033s	0.288	HAM0423	C	HAM	CT	CT_spat	CT	0.30261755800090734
HAM0423-034s	0.273	HAM0423	C	HAM	CT	CT_spat	CT	0.2867919352626526
HAM0423-035s	0.1631	HAM0423	C	HAM	CT	CT_spat	CT	0.17084287266703946
HAM0423-036s	0.17	HAM0423	C	HAM	CT	CT_spat	CT	0.17812265912663666
HAM0423-037s	0.2382	HAM0423	C	HAM	CT	CT_spat	CT	0.25007649050990155
HAM0423-038s	0.098	HAM0423	C	HAM	CT	CT_spat	CT	0.10215966998301383
HAM0423-039s	0.1849	HAM0423	C	HAM	CT	CT_spat	CT	0.19384277771330302
HAM0423-040s	0.2598	HAM0423	C	HAM	CT	CT_spat	CT	0.27286538725298837
HAM0423-041s	0.2194	HAM0423	C	HAM	CT	CT_spat	CT	0.23024171001128896
HAM0423-042s	0.2266	HAM0423	C	HAM	CT	CT_spat	CT	0.23783800892565124
HAM0423-043s	0.1445	HAM0423	C	HAM	CT	CT_spat	CT	0.15121910047160356
HAM0423-044s	0.3697	HAM0423	C	HAM	CT	CT_spat	CT	0.38881444984860153
BAK0423-001s	0.1331	BAK0423	C	BAK	CT	CT_spat	CT	0.13919162719052994
BAK0423-002s	0.1484	BAK0423	C	BAK	CT	CT_spat	CT	0.1553337623835498
BAK0423-003s	0.2114	BAK0423	C	BAK	CT	CT_spat	CT	0.22180137788421975
BAK0423-004s	0.2525	BAK0423	C	BAK	CT	CT_spat	CT	0.2651635841870378
BAK0423-005s	0.5212	BAK0423	C	BAK	CT	CT_spat	CT	0.5486532395049746
BAK0423-006s	0.1378	BAK0423	C	BAK	CT	CT_spat	CT	0.1441503223151831
BAK0423-007s	0.1441	BAK0423	C	BAK	CT	CT_spat	CT	0.15079708386525012
BAK0423-008s	0.2452	BAK0423	C	BAK	CT	CT_spat	CT	0.25746178112108714
BAK0423-009s	0.2574	BAK0423	C	BAK	CT	CT_spat	CT	0.2703332876148677
BAK0423-010s	0.1712	BAK0423	C	BAK	CT	CT_spat	CT	0.179388708945697
BAK0423-011s	0.1741	BAK0423	C	BAK	CT	CT_spat	CT	0.1824483293417596
BAK0423-012s	0.368	BAK0423	C	BAK	CT	CT_spat	CT	0.38702087927159934
BAK0423-013s	0.1976	BAK0423	C	BAK	CT	CT_spat	CT	0.20724180496502537
BAK0423-014s	0.2953	BAK0423	C	BAK	CT	CT_spat	CT	0.310319361066858
BAK0423-015s	0.217	BAK0423	C	BAK	CT	CT_spat	CT	0.2277096103731682
BAK0423-016s	0.2323	BAK0423	C	BAK	CT	CT_spat	CT	0.24385174556618805
BAK0423-018s	0.3401	BAK0423	C	BAK	CT	CT_spat	CT	0.35758522097844553
BAK0423-019s	0.1325	BAK0423	C	BAK	CT	CT_spat	CT	0.13855860228099975
BAK0423-020s	0.149	BAK0423	C	BAK	CT	CT_spat	CT	0.15596678729307997
BAK0423-021s	0.193	BAK0423	C	BAK	CT	CT_spat	CT	0.2023886139919606
BAK0423-022s	0.1481	BAK0423	C	BAK	CT	CT_spat	CT	0.1550172499287847
BAK0423-023s	0.1335	BAK0423	C	BAK	CT	CT_spat	CT	0.13961364379688343
BAK0423-024s	0.1799	BAK0423	C	BAK	CT	CT_spat	CT	0.18856757013388478
BAK0423-025s	0.2072	BAK0423	C	BAK	CT	CT_spat	CT	0.2173702035175084
BAK0423-026s	0.213	BAK0423	C	BAK	CT	CT_spat	CT	0.22348944430963358
BAK0423-027s	0.2091	BAK0423	C	BAK	CT	CT_spat	CT	0.21937478239768737
BAK0423-028s	0.2827	BAK0423	C	BAK	CT	CT_spat	CT	0.297025837966724
BAK0423-029s	0.1757	BAK0423	C	BAK	CT	CT_spat	CT	0.18413639576717344
BAK0423-030s	0.1551	BAK0423	C	BAK	CT	CT_spat	CT	0.16240254053997025
BAK0423-031s	0.111	BAK0423	C	BAK	CT	CT_spat	CT	0.11587520968950128
BAK0423-032s	0.1823	BAK0423	C	BAK	CT	CT_spat	CT	0.19109966977200551
BAK0423-033s	0.2158	BAK0423	C	BAK	CT	CT_spat	CT	0.2264435605541078
BAK0423-034s	0.21	BAK0423	C	BAK	CT	CT_spat	CT	0.22032431976198263
BAK0423-035s	0.2041	BAK0423	C	BAK	CT	CT_spat	CT	0.2140995748182691
BAK0423-036s	0.254	BAK0423	C	BAK	CT	CT_spat	CT	0.26674614646086325
BAK0423-037s	0.4946	BAK0423	C	BAK	CT	CT_spat	CT	0.5205891351824694
BAK0423-038s	0.1918	BAK0423	C	BAK	CT	CT_spat	CT	0.2011225641729002
BAK0423-039s	0.1613	BAK0423	C	BAK	CT	CT_spat	CT	0.16894379793844888
BAK0423-040s	0.1375	BAK0423	C	BAK	CT	CT_spat	CT	0.14383380986041802
BAK0423-041s	0.1574	BAK0423	C	BAK	CT	CT_spat	CT	0.16482913602650265
BAK0423-042s	0.4116	BAK0423	C	BAK	CT	CT_spat	CT	0.4330206893641265
BAK0423-043s	0.1919	BAK0423	C	BAK	CT	CT_spat	CT	0.20122806832448856
BAK0423-044s	0.2992	BAK0423	C	BAK	CT	CT_spat	CT	0.31443402297880424
BAK0423-045s	0.229	BAK0423	C	BAK	CT	CT_spat	CT	0.240370108563772
BAK0423-046s	0.1343	BAK0423	C	BAK	CT	CT_spat	CT	0.14045767700959033
BAK0423-047s	0.1404	BAK0423	C	BAK	CT	CT_spat	CT	0.1468934302564806
BAK0423-048s	0.1484	BAK0423	C	BAK	CT	CT_spat	CT	0.1553337623835498
BAK0423-049s	0.1468	BAK0423	C	BAK	CT	CT_spat	CT	0.15364569595813596
BAK0423-050s	0.3274	BAK0423	C	BAK	CT	CT_spat	CT	0.3441861937267232
BAK0423-051s	0.1953	BAK0423	C	BAK	CT	CT_spat	CT	0.204815209478493
BAK0423-052s	0.3109	BAK0423	C	BAK	CT	CT_spat	CT	0.32677800871464296
BAK0423-053s	0.2599	BAK0423	C	BAK	CT	CT_spat	CT	0.2729708914045768
BAK0423-054s	0.0714	BAK0423	C	BAK	CT	CT_spat	CT	0.07409556566050875
BAK0423-055s	0.432	BAK0423	C	BAK	CT	CT_spat	CT	0.45454353628815297
LIW2-10	0.2394	LIW2	C	LIW2	CT	CT_adult	CT	0.25134254032896197
LIW2-11	0.2367	LIW2	C	LIW2	CT	CT_adult	CT	0.24849392823607608
LIW2-12	0.3501	LIW2	C	LIW2	CT	CT_adult	CT	0.36813563613728206
LIW2-14	0.2964	LIW2	C	LIW2	CT	CT_adult	CT	0.31147990673433
LIW2-15	0.2686	LIW2	C	LIW2	CT	CT_adult	CT	0.28214975259276454
LIW2-16	0.6725	LIW2	C	LIW2	CT	CT_adult	CT	0.7082810208581708
LIW2-17	0.2689	LIW2	C	LIW2	CT	CT_adult	CT	0.2824662650475296
LIW2-18	0.413	LIW2	C	LIW2	CT	CT_adult	CT	0.4344977474863636
LIW2-19	0.2383	LIW2	C	LIW2	CT	CT_adult	CT	0.25018199466148994
LIW2-20	0.2372	LIW2	C	LIW2	CT	CT_adult	CT	0.24902144899401793
LIW2-21	0.4459	LIW2	C	LIW2	CT	CT_adult	CT	0.4692086133589357
LIW2-22	0.4371	LIW2	C	LIW2	CT	CT_adult	CT	0.45992424801915954
LIW2-23	0.2913	LIW2	C	LIW2	CT	CT_adult	CT	0.3060991950033234
LIW2-24	0.4751	LIW2	C	LIW2	CT	CT_adult	CT	0.5000158256227383
LIW2-25	0.2588	LIW2	C	LIW2	CT	CT_adult	CT	0.2718103457371047
LIW2-26	0.2683	LIW2	C	LIW2	CT	CT_adult	CT	0.28183324013799943
LIW2-27	0.2218	LIW2	C	LIW2	CT	CT_adult	CT	0.23277380964940972
LIW2-28	0.4247	LIW2	C	LIW2	CT	CT_adult	CT	0.44684173322220233
LIW2-29	0.3703	LIW2	C	LIW2	CT	CT_adult	CT	0.38944747475813174
LIW2-2	0.2466	LIW2	C	LIW2	CT	CT_adult	CT	0.2589388392433242
LIW2-30	0.2329	LIW2	C	LIW2	CT	CT_adult	CT	0.24448477047571823
LIW2-32	0.3677	LIW2	C	LIW2	CT	CT_adult	CT	0.3867043668168343
LIW2-34	0.3024	LIW2	C	LIW2	CT	CT_adult	CT	0.3178101558296319
LIW2-3	0.3292	LIW2	C	LIW2	CT	CT_adult	CT	0.34608526845531373
LIW2-4	0.276	LIW2	C	LIW2	CT	CT_adult	CT	0.28995705981030356
LIW2-5	0.2636	LIW2	C	LIW2	CT	CT_adult	CT	0.2768745450133463
LIW2-6	0.3329	LIW2	C	LIW2	CT	CT_adult	CT	0.3499889220640832
LIW2-7	0.323	LIW2	C	LIW2	CT	CT_adult	CT	0.3395440110568351
LIW2-8	0.2413	LIW2	C	LIW2	CT	CT_adult	CT	0.2533471192091409
LIW2-9	0.3399	LIW2	C	LIW2	CT	CT_adult	CT	0.35737421267526875
YBD-10	0.0749	YBD	D	YBD	CT	CT_spat	CT	0.07778821096610151
YBD-11	0.2149	YBD	D	YBD	CT	CT_spat	CT	0.22549402318981254
YBD-12	0.1423	YBD	D	YBD	CT	CT_spat	CT	0.14889800913665954
YBD-13	0.2967	YBD	D	YBD	CT	CT_spat	CT	0.3117964191890951
YBD-14	0.1335	YBD	D	YBD	CT	CT_spat	CT	0.13961364379688343
YBD-15	0.1952	YBD	D	YBD	CT	CT_spat	CT	0.20470970532690463
YBD-16	0.2395	YBD	D	YBD	CT	CT_spat	CT	0.2514480444805503
YBD-17	0.1725	YBD	D	YBD	CT	CT_spat	CT	0.18076026291634575
YBD-18	0.1432	YBD	D	YBD	CT	CT_spat	CT	0.1498475465009548
YBD-19	0.1591	YBD	D	YBD	CT	CT_spat	CT	0.16662270660350484
YBD-20	0.182	YBD	D	YBD	CT	CT_spat	CT	0.19078315731724044
YBD-21	0.1329	YBD	D	YBD	CT	CT_spat	CT	0.13898061888735322
YBD-22	0.2405	YBD	D	YBD	CT	CT_spat	CT	0.25250308599643395
YBD-23	0.2004	YBD	D	YBD	CT	CT_spat	CT	0.2101959212094996
YBD-24	0.1615	YBD	D	YBD	CT	CT_spat	CT	0.16915480624162563
YBD-25	0.1651	YBD	D	YBD	CT	CT_spat	CT	0.17295295569880675
YBD-26	0.1589	YBD	D	YBD	CT	CT_spat	CT	0.16641169830032815
YBD-27	0.1991	YBD	D	YBD	CT	CT_spat	CT	0.20882436723885087
YBD-28	0.2561	YBD	D	YBD	CT	CT_spat	CT	0.2689617336442189
YBD-29	0.9118	YBD	D	YBD	CT	CT_spat	CT	0.9607524556091284
YBD-30	0.9998	YBD	D	YBD	CT	CT_spat	CT	1.0535961090068895
YBD-31	0.1434	YBD	D	YBD	CT	CT_spat	CT	0.15005855480413155
YBD-32	0.1312	YBD	D	YBD	CT	CT_spat	CT	0.13718704831035103
YBD-33	0.2503	YBD	D	YBD	CT	CT_spat	CT	0.26284249285209377
YBD-34	0.1471	YBD	D	YBD	CT	CT_spat	CT	0.15396220841290106
YBD-35	0.19	YBD	D	YBD	CT	CT_spat	CT	0.19922348944430965
YBD-36	0.1792	YBD	D	YBD	CT	CT_spat	CT	0.1878290410727662
YBD-37	0.9971	YBD	D	YBD	CT	CT_spat	CT	1.0507474969140036
YBD-54	0.2226	YBD	D	YBD	CT	CT_spat	CT	0.23361784286211662
YBD-55	0.49	YBD	D	YBD	CT	CT_spat	CT	0.5157359442094046
YBD-6	0.2108	YBD	D	YBD	CT	CT_spat	CT	0.22116835297468954
YBD-7	0.2872	YBD	D	YBD	CT	CT_spat	CT	0.30177352478820046
YBD-8	0.2889	YBD	D	YBD	CT	CT_spat	CT	0.3035670953652026
YBD-9	0.172	YBD	D	YBD	CT	CT_spat	CT	0.18023274215840393
